#XYS200,DPSD2018,COEF,11,11,125,20,1000,0.57655317086853,0.00000
#2019/11/09 14:10:37
#E-defense2019-実験前
LEDNo13,　横付け
2710mm
#Xtrue,Ytrue,V1,V2,V3,V4
-625,-625,2948,797,280,684
-625,-625,2948,797,279,684
-625,-625,2949,797,279,683
-625,-625,2948,797,279,685
-625,-625,2948,797,279,684
-625,-625,2948,797,280,684
-625,-625,2948,797,279,683
-625,-625,2948,797,279,683
-625,-625,2948,797,280,684
-625,-625,2948,797,279,684
-625,-625,2949,797,280,684
-625,-625,2948,797,279,683
-625,-625,2948,797,279,684
-625,-625,2949,796,279,684
-625,-625,2948,796,279,684
-625,-625,2948,797,280,684
-625,-625,2948,797,280,684
-625,-625,2948,797,279,684
-625,-625,2948,797,279,684
-625,-625,2948,797,279,684
-500,-625,2915,798,350,948
-500,-625,2916,798,351,948
-500,-625,2915,798,351,948
-500,-625,2916,798,351,948
-500,-625,2915,798,351,948
-500,-625,2915,798,351,947
-500,-625,2915,798,351,948
-500,-625,2915,798,351,948
-500,-625,2915,798,351,947
-500,-625,2915,798,351,948
-500,-625,2915,798,351,948
-500,-625,2915,798,351,948
-500,-625,2915,798,351,948
-500,-625,2915,798,351,948
-500,-625,2915,798,351,948
-500,-625,2915,798,351,948
-500,-625,2915,798,351,948
-500,-625,2915,798,351,947
-500,-625,2915,798,351,948
-500,-625,2914,798,351,948
-375,-625,2801,778,420,1218
-375,-625,2801,778,421,1219
-375,-625,2801,778,421,1218
-375,-625,2801,778,421,1219
-375,-625,2801,778,421,1218
-375,-625,2801,779,421,1218
-375,-625,2801,778,420,1218
-375,-625,2801,778,421,1218
-375,-625,2800,778,421,1218
-375,-625,2801,778,421,1218
-375,-625,2801,778,421,1218
-375,-625,2801,778,421,1218
-375,-625,2801,778,421,1218
-375,-625,2801,778,421,1218
-375,-625,2801,778,421,1218
-375,-625,2801,778,421,1218
-375,-625,2800,778,420,1218
-375,-625,2801,778,421,1218
-375,-625,2800,778,421,1218
-375,-625,2800,778,421,1218
-250,-625,2649,750,491,1497
-250,-625,2649,749,491,1497
-250,-625,2649,749,490,1497
-250,-625,2649,749,490,1497
-250,-625,2649,749,491,1497
-250,-625,2649,749,490,1496
-250,-625,2649,749,490,1497
-250,-625,2649,749,491,1497
-250,-625,2649,749,491,1497
-250,-625,2650,749,490,1497
-250,-625,2649,749,491,1497
-250,-625,2650,749,491,1497
-250,-625,2649,749,490,1496
-250,-625,2649,749,490,1497
-250,-625,2648,750,491,1497
-250,-625,2649,749,490,1497
-250,-625,2649,749,491,1497
-250,-625,2649,749,491,1497
-250,-625,2649,749,491,1497
-250,-625,2649,749,491,1497
-125,-625,2462,712,558,1774
-125,-625,2461,712,558,1774
-125,-625,2462,712,558,1774
-125,-625,2461,712,558,1774
-125,-625,2461,712,558,1775
-125,-625,2461,713,558,1774
-125,-625,2462,712,558,1774
-125,-625,2461,712,558,1775
-125,-625,2461,712,558,1775
-125,-625,2461,712,558,1774
-125,-625,2461,712,558,1774
-125,-625,2461,712,558,1774
-125,-625,2461,712,558,1774
-125,-625,2462,712,558,1775
-125,-625,2461,712,558,1774
-125,-625,2462,712,558,1774
-125,-625,2461,712,558,1775
-125,-625,2462,712,558,1774
-125,-625,2461,712,558,1775
-125,-625,2461,712,558,1774
0,-625,2254,669,623,2057
0,-625,2254,669,623,2057
0,-625,2254,669,624,2057
0,-625,2254,668,623,2057
0,-625,2254,669,624,2057
0,-625,2254,669,624,2057
0,-625,2254,669,623,2057
0,-625,2254,668,624,2057
0,-625,2254,669,624,2057
0,-625,2254,668,624,2057
0,-625,2253,668,624,2057
0,-625,2254,669,623,2057
0,-625,2254,668,624,2057
0,-625,2254,668,624,2057
0,-625,2254,669,623,2057
0,-625,2254,668,624,2057
0,-625,2254,668,623,2057
0,-625,2254,668,623,2057
0,-625,2254,668,623,2057
0,-625,2253,669,623,2057
125,-625,2043,623,690,2356
125,-625,2043,624,690,2355
125,-625,2044,624,690,2356
125,-625,2043,623,690,2356
125,-625,2043,623,690,2355
125,-625,2043,623,690,2355
125,-625,2043,623,690,2355
125,-625,2043,623,690,2355
125,-625,2043,623,690,2356
125,-625,2044,623,690,2356
125,-625,2044,623,691,2355
125,-625,2043,624,690,2356
125,-625,2043,623,690,2355
125,-625,2043,623,691,2355
125,-625,2043,623,690,2355
125,-625,2043,623,690,2355
125,-625,2043,623,690,2355
125,-625,2043,623,690,2355
125,-625,2043,623,690,2355
125,-625,2043,623,691,2355
250,-625,1827,576,759,2670
250,-625,1827,575,758,2670
250,-625,1827,575,758,2670
250,-625,1827,576,759,2669
250,-625,1827,576,759,2670
250,-625,1827,575,759,2670
250,-625,1827,575,759,2670
250,-625,1827,575,759,2670
250,-625,1827,575,759,2670
250,-625,1827,576,758,2669
250,-625,1828,576,758,2670
250,-625,1827,575,759,2670
250,-625,1827,576,759,2670
250,-625,1827,576,758,2670
250,-625,1827,575,758,2670
250,-625,1827,576,759,2670
250,-625,1827,575,758,2670
250,-625,1827,575,759,2670
250,-625,1827,576,759,2670
250,-625,1827,576,758,2670
375,-625,1600,524,829,2997
375,-625,1600,524,829,2997
375,-625,1599,524,828,2997
375,-625,1600,524,829,2998
375,-625,1600,525,829,2997
375,-625,1600,524,829,2997
375,-625,1600,524,829,2997
375,-625,1600,524,829,2997
375,-625,1600,524,829,2997
375,-625,1600,524,829,2997
375,-625,1600,524,829,2997
375,-625,1600,524,829,2997
375,-625,1600,524,829,2997
375,-625,1599,524,829,2997
375,-625,1600,524,828,2997
375,-625,1600,524,829,2997
375,-625,1600,524,829,2997
375,-625,1600,524,828,2997
375,-625,1599,524,829,2997
375,-625,1600,524,828,2997
500,-625,1358,469,899,3328
500,-625,1358,469,899,3329
500,-625,1358,469,899,3328
500,-625,1358,469,899,3329
500,-625,1358,469,899,3328
500,-625,1358,469,899,3328
500,-625,1359,469,899,3328
500,-625,1358,469,898,3328
500,-625,1358,469,899,3328
500,-625,1358,469,899,3328
500,-625,1358,469,899,3328
500,-625,1358,469,899,3328
500,-625,1359,469,899,3328
500,-625,1359,469,899,3328
500,-625,1358,469,899,3328
500,-625,1358,469,899,3328
500,-625,1358,469,899,3328
500,-625,1358,469,899,3328
500,-625,1358,469,899,3328
500,-625,1358,469,899,3328
625,-625,1106,411,968,3346
625,-625,1106,410,968,3345
625,-625,1106,410,968,3345
625,-625,1106,410,968,3346
625,-625,1106,410,968,3345
625,-625,1106,410,969,3346
625,-625,1106,410,968,3345
625,-625,1106,410,969,3345
625,-625,1106,411,968,3345
625,-625,1106,410,968,3345
625,-625,1106,411,969,3346
625,-625,1106,410,969,3345
625,-625,1107,410,968,3345
625,-625,1106,410,969,3345
625,-625,1106,411,969,3345
625,-625,1106,411,969,3345
625,-625,1106,411,969,3346
625,-625,1106,411,969,3345
625,-625,1106,411,968,3346
625,-625,1106,411,969,3345
-625,-500,2757,1022,331,660
-625,-500,2757,1022,331,660
-625,-500,2757,1022,331,660
-625,-500,2757,1021,331,659
-625,-500,2757,1022,331,660
-625,-500,2757,1021,331,660
-625,-500,2757,1021,332,660
-625,-500,2757,1022,331,660
-625,-500,2757,1021,331,660
-625,-500,2757,1022,331,660
-625,-500,2756,1021,331,660
-625,-500,2757,1021,331,660
-625,-500,2756,1022,332,659
-625,-500,2757,1021,331,660
-625,-500,2757,1021,331,660
-625,-500,2757,1021,331,660
-625,-500,2757,1021,331,660
-625,-500,2757,1021,332,660
-625,-500,2756,1022,331,660
-625,-500,2757,1021,331,660
-500,-500,2708,1013,418,902
-500,-500,2708,1013,418,902
-500,-500,2708,1013,418,902
-500,-500,2708,1013,418,902
-500,-500,2708,1012,418,903
-500,-500,2708,1013,418,902
-500,-500,2708,1013,418,902
-500,-500,2708,1013,418,903
-500,-500,2708,1013,418,902
-500,-500,2708,1012,418,903
-500,-500,2708,1013,418,903
-500,-500,2708,1013,418,902
-500,-500,2708,1012,418,902
-500,-500,2708,1012,418,902
-500,-500,2707,1012,418,902
-500,-500,2708,1013,418,903
-500,-500,2708,1013,418,902
-500,-500,2708,1013,418,902
-500,-500,2708,1013,418,903
-500,-500,2708,1013,418,903
-375,-500,2592,979,506,1150
-375,-500,2592,980,506,1150
-375,-500,2592,980,506,1150
-375,-500,2592,980,506,1150
-375,-500,2592,979,506,1150
-375,-500,2592,979,506,1150
-375,-500,2592,980,506,1150
-375,-500,2592,980,506,1150
-375,-500,2592,979,506,1150
-375,-500,2592,979,506,1150
-375,-500,2592,980,506,1150
-375,-500,2593,980,506,1150
-375,-500,2592,980,506,1150
-375,-500,2592,980,506,1151
-375,-500,2593,980,506,1150
-375,-500,2593,980,507,1151
-375,-500,2592,980,507,1150
-375,-500,2592,980,506,1151
-375,-500,2592,979,506,1151
-375,-500,2592,980,507,1150
-250,-500,2446,936,595,1404
-250,-500,2446,936,595,1404
-250,-500,2446,936,595,1404
-250,-500,2446,936,595,1405
-250,-500,2446,936,595,1405
-250,-500,2447,936,595,1404
-250,-500,2446,936,595,1405
-250,-500,2446,936,595,1404
-250,-500,2447,936,595,1404
-250,-500,2446,936,595,1405
-250,-500,2446,936,595,1405
-250,-500,2446,936,595,1404
-250,-500,2446,936,595,1405
-250,-500,2446,936,595,1405
-250,-500,2446,936,595,1405
-250,-500,2446,936,595,1404
-250,-500,2446,936,596,1404
-250,-500,2446,936,595,1404
-250,-500,2446,936,595,1404
-250,-500,2446,936,595,1405
-125,-500,2266,878,678,1652
-125,-500,2266,878,678,1653
-125,-500,2267,879,678,1652
-125,-500,2267,879,677,1652
-125,-500,2266,878,678,1652
-125,-500,2267,878,678,1652
-125,-500,2266,879,678,1653
-125,-500,2266,878,678,1652
-125,-500,2267,878,677,1652
-125,-500,2267,878,678,1652
-125,-500,2266,878,678,1652
-125,-500,2267,878,678,1652
-125,-500,2266,878,678,1652
-125,-500,2266,878,678,1652
-125,-500,2266,878,677,1652
-125,-500,2266,878,678,1652
-125,-500,2266,878,677,1652
-125,-500,2266,878,677,1652
-125,-500,2266,878,678,1652
-125,-500,2266,878,677,1652
0,-500,2072,815,760,1905
0,-500,2072,815,760,1905
0,-500,2072,815,760,1905
0,-500,2072,815,759,1905
0,-500,2072,815,760,1905
0,-500,2071,815,760,1905
0,-500,2071,815,760,1905
0,-500,2071,815,760,1905
0,-500,2071,815,759,1905
0,-500,2071,815,759,1905
0,-500,2071,815,759,1905
0,-500,2071,815,760,1905
0,-500,2072,815,760,1905
0,-500,2071,815,760,1905
0,-500,2071,815,759,1905
0,-500,2071,814,759,1905
0,-500,2071,815,760,1905
0,-500,2071,815,760,1905
0,-500,2072,815,759,1905
0,-500,2071,815,760,1905
125,-500,1884,754,849,2181
125,-500,1884,754,849,2181
125,-500,1883,755,849,2181
125,-500,1883,755,849,2181
125,-500,1884,754,849,2181
125,-500,1883,755,849,2181
125,-500,1884,755,849,2181
125,-500,1884,755,849,2181
125,-500,1884,755,849,2181
125,-500,1884,754,849,2181
125,-500,1883,754,849,2181
125,-500,1883,755,849,2181
125,-500,1883,754,849,2181
125,-500,1883,754,849,2181
125,-500,1883,755,849,2181
125,-500,1884,754,849,2181
125,-500,1884,754,850,2181
125,-500,1884,755,849,2181
125,-500,1883,754,849,2181
125,-500,1883,754,849,2181
250,-500,1693,694,944,2477
250,-500,1693,694,944,2477
250,-500,1693,694,944,2477
250,-500,1693,694,945,2477
250,-500,1693,694,944,2477
250,-500,1693,694,944,2477
250,-500,1693,694,944,2477
250,-500,1693,694,944,2476
250,-500,1693,694,944,2477
250,-500,1693,694,944,2477
250,-500,1693,694,944,2477
250,-500,1693,694,944,2477
250,-500,1693,694,944,2477
250,-500,1693,694,944,2477
250,-500,1693,694,945,2477
250,-500,1693,694,945,2477
250,-500,1693,694,944,2476
250,-500,1693,694,944,2477
250,-500,1693,694,944,2476
250,-500,1693,694,944,2477
375,-500,1487,627,1039,2778
375,-500,1487,627,1040,2778
375,-500,1487,627,1040,2778
375,-500,1487,628,1040,2778
375,-500,1486,627,1039,2778
375,-500,1487,627,1039,2778
375,-500,1486,627,1040,2778
375,-500,1486,628,1040,2778
375,-500,1487,627,1039,2778
375,-500,1487,627,1039,2778
375,-500,1487,627,1039,2778
375,-500,1487,627,1039,2778
375,-500,1486,627,1040,2778
375,-500,1487,627,1039,2778
375,-500,1486,627,1039,2778
375,-500,1486,627,1039,2778
375,-500,1486,627,1039,2778
375,-500,1486,627,1039,2777
375,-500,1486,627,1039,2777
375,-500,1486,627,1039,2778
500,-500,1266,556,1137,3088
500,-500,1266,555,1138,3088
500,-500,1266,556,1137,3088
500,-500,1266,556,1137,3088
500,-500,1266,555,1138,3087
500,-500,1266,556,1137,3088
500,-500,1266,555,1137,3088
500,-500,1266,556,1138,3088
500,-500,1266,556,1137,3088
500,-500,1266,556,1137,3088
500,-500,1266,556,1137,3088
500,-500,1266,556,1137,3088
500,-500,1267,556,1138,3088
500,-500,1266,556,1138,3088
500,-500,1266,556,1137,3088
500,-500,1266,556,1137,3088
500,-500,1266,555,1137,3088
500,-500,1266,556,1137,3088
500,-500,1266,556,1137,3088
500,-500,1267,556,1138,3088
625,-500,1039,484,1239,3346
625,-500,1039,483,1240,3346
625,-500,1039,483,1240,3346
625,-500,1040,483,1240,3346
625,-500,1039,484,1240,3346
625,-500,1039,484,1240,3346
625,-500,1039,484,1240,3346
625,-500,1039,484,1240,3346
625,-500,1039,483,1240,3346
625,-500,1039,484,1240,3346
625,-500,1040,483,1240,3346
625,-500,1039,484,1240,3346
625,-500,1040,483,1240,3346
625,-500,1040,484,1240,3346
625,-500,1039,484,1240,3346
625,-500,1040,484,1240,3346
625,-500,1039,484,1240,3346
625,-500,1040,484,1240,3346
625,-500,1040,484,1240,3347
625,-500,1040,483,1240,3346
-625,-375,2580,1261,388,641
-625,-375,2580,1261,389,641
-625,-375,2579,1261,389,641
-625,-375,2579,1261,388,641
-625,-375,2579,1261,388,641
-625,-375,2579,1261,388,641
-625,-375,2579,1261,388,641
-625,-375,2579,1261,388,641
-625,-375,2579,1261,388,641
-625,-375,2579,1261,388,640
-625,-375,2579,1261,388,641
-625,-375,2579,1261,388,641
-625,-375,2579,1261,388,641
-625,-375,2579,1261,388,641
-625,-375,2579,1261,388,641
-625,-375,2579,1261,388,640
-625,-375,2579,1261,388,640
-625,-375,2578,1261,388,640
-625,-375,2579,1261,388,640
-625,-375,2579,1261,388,640
-500,-375,2517,1237,491,860
-500,-375,2517,1237,490,861
-500,-375,2516,1237,491,861
-500,-375,2517,1237,491,860
-500,-375,2517,1237,491,860
-500,-375,2517,1237,490,860
-500,-375,2517,1237,490,861
-500,-375,2517,1237,491,861
-500,-375,2516,1237,490,861
-500,-375,2517,1237,490,860
-500,-375,2517,1237,490,861
-500,-375,2517,1237,491,860
-500,-375,2517,1237,490,861
-500,-375,2517,1237,491,861
-500,-375,2517,1237,490,860
-500,-375,2517,1237,490,861
-500,-375,2517,1237,491,861
-500,-375,2516,1237,491,860
-500,-375,2517,1237,490,860
-500,-375,2517,1237,491,860
-375,-375,2390,1181,591,1080
-375,-375,2390,1181,591,1080
-375,-375,2389,1181,591,1079
-375,-375,2390,1181,591,1079
-375,-375,2389,1181,592,1079
-375,-375,2390,1181,591,1080
-375,-375,2390,1181,591,1080
-375,-375,2389,1181,592,1080
-375,-375,2390,1181,592,1079
-375,-375,2390,1181,591,1080
-375,-375,2390,1180,591,1080
-375,-375,2389,1181,591,1079
-375,-375,2389,1180,591,1079
-375,-375,2389,1181,591,1079
-375,-375,2389,1181,591,1079
-375,-375,2390,1180,591,1080
-375,-375,2390,1180,591,1080
-375,-375,2389,1181,591,1079
-375,-375,2390,1180,591,1080
-375,-375,2389,1181,591,1079
-250,-375,2237,1111,691,1300
-250,-375,2236,1111,692,1300
-250,-375,2236,1111,692,1300
-250,-375,2236,1111,692,1300
-250,-375,2236,1111,692,1300
-250,-375,2236,1111,692,1301
-250,-375,2236,1111,692,1300
-250,-375,2236,1111,692,1300
-250,-375,2236,1111,692,1300
-250,-375,2236,1111,692,1300
-250,-375,2236,1111,692,1300
-250,-375,2236,1111,692,1300
-250,-375,2236,1111,692,1300
-250,-375,2235,1111,693,1300
-250,-375,2236,1111,692,1299
-250,-375,2236,1111,692,1300
-250,-375,2236,1111,692,1300
-250,-375,2236,1111,692,1300
-250,-375,2236,1111,692,1300
-250,-375,2235,1111,692,1300
-125,-375,2061,1031,789,1518
-125,-375,2061,1032,789,1518
-125,-375,2061,1032,789,1518
-125,-375,2061,1032,789,1518
-125,-375,2061,1032,789,1518
-125,-375,2061,1032,789,1518
-125,-375,2061,1031,789,1518
-125,-375,2061,1031,789,1518
-125,-375,2061,1031,789,1518
-125,-375,2061,1032,789,1518
-125,-375,2061,1031,789,1518
-125,-375,2061,1031,789,1518
-125,-375,2061,1031,789,1518
-125,-375,2061,1032,789,1518
-125,-375,2061,1032,789,1518
-125,-375,2061,1031,789,1518
-125,-375,2061,1031,789,1518
-125,-375,2061,1031,789,1518
-125,-375,2060,1031,789,1518
-125,-375,2061,1032,789,1518
0,-375,1881,951,888,1743
0,-375,1881,950,889,1743
0,-375,1880,951,889,1743
0,-375,1880,950,889,1744
0,-375,1880,951,889,1743
0,-375,1880,950,889,1743
0,-375,1880,950,889,1744
0,-375,1880,951,889,1743
0,-375,1880,950,888,1743
0,-375,1880,950,889,1744
0,-375,1880,951,889,1743
0,-375,1880,951,889,1743
0,-375,1880,950,889,1743
0,-375,1880,950,889,1743
0,-375,1880,951,889,1744
0,-375,1880,950,889,1743
0,-375,1880,950,889,1743
0,-375,1880,950,889,1743
0,-375,1880,950,889,1744
0,-375,1880,950,889,1744
125,-375,1708,875,999,1991
125,-375,1708,875,999,1991
125,-375,1709,875,999,1991
125,-375,1709,875,998,1991
125,-375,1709,875,998,1991
125,-375,1708,875,999,1991
125,-375,1708,875,998,1991
125,-375,1709,876,999,1991
125,-375,1709,875,999,1991
125,-375,1709,875,999,1991
125,-375,1709,875,999,1991
125,-375,1709,875,999,1991
125,-375,1709,875,999,1991
125,-375,1709,875,999,1991
125,-375,1709,875,999,1991
125,-375,1709,875,999,1991
125,-375,1709,875,999,1991
125,-375,1709,875,999,1991
125,-375,1709,875,999,1992
125,-375,1709,875,999,1992
250,-375,1539,801,1117,2260
250,-375,1539,801,1117,2260
250,-375,1539,801,1117,2260
250,-375,1538,801,1118,2260
250,-375,1538,801,1117,2260
250,-375,1539,801,1117,2260
250,-375,1539,801,1117,2260
250,-375,1539,801,1117,2260
250,-375,1539,800,1117,2260
250,-375,1538,801,1118,2260
250,-375,1539,801,1117,2260
250,-375,1539,801,1117,2260
250,-375,1539,801,1117,2260
250,-375,1539,801,1117,2260
250,-375,1539,801,1117,2260
250,-375,1539,801,1118,2260
250,-375,1539,801,1117,2260
250,-375,1539,801,1117,2260
250,-375,1539,801,1117,2260
250,-375,1539,801,1117,2260
375,-375,1359,723,1242,2541
375,-375,1358,723,1242,2540
375,-375,1359,723,1242,2540
375,-375,1359,722,1242,2540
375,-375,1359,723,1242,2541
375,-375,1359,723,1242,2541
375,-375,1359,723,1242,2540
375,-375,1359,723,1242,2540
375,-375,1359,723,1241,2540
375,-375,1358,722,1242,2541
375,-375,1359,723,1242,2540
375,-375,1359,723,1242,2540
375,-375,1359,723,1242,2540
375,-375,1360,723,1242,2540
375,-375,1359,722,1242,2541
375,-375,1359,723,1242,2540
375,-375,1359,723,1242,2540
375,-375,1359,722,1241,2540
375,-375,1359,722,1242,2540
375,-375,1358,723,1242,2540
500,-375,1167,640,1373,2833
500,-375,1168,641,1373,2833
500,-375,1168,640,1372,2833
500,-375,1168,640,1373,2834
500,-375,1167,640,1373,2833
500,-375,1168,640,1372,2833
500,-375,1167,640,1373,2833
500,-375,1167,640,1373,2833
500,-375,1168,640,1372,2833
500,-375,1168,640,1373,2833
500,-375,1167,640,1373,2833
500,-375,1167,640,1373,2833
500,-375,1168,640,1373,2833
500,-375,1168,640,1373,2833
500,-375,1167,640,1373,2833
500,-375,1167,640,1373,2833
500,-375,1167,640,1372,2833
500,-375,1168,640,1373,2833
500,-375,1168,640,1373,2833
500,-375,1168,640,1372,2833
625,-375,968,555,1509,3142
625,-375,968,555,1509,3141
625,-375,968,555,1508,3142
625,-375,968,555,1508,3142
625,-375,968,555,1508,3142
625,-375,968,555,1509,3142
625,-375,968,555,1509,3142
625,-375,969,555,1509,3142
625,-375,968,555,1509,3142
625,-375,968,555,1508,3142
625,-375,969,555,1509,3142
625,-375,968,555,1509,3142
625,-375,968,556,1509,3142
625,-375,969,555,1508,3142
625,-375,968,555,1509,3142
625,-375,969,555,1509,3142
625,-375,969,555,1509,3142
625,-375,969,556,1509,3142
625,-375,969,555,1509,3142
625,-375,969,555,1508,3143
-625,-250,2408,1514,445,620
-625,-250,2408,1514,445,619
-625,-250,2408,1514,445,619
-625,-250,2408,1514,445,619
-625,-250,2408,1514,445,619
-625,-250,2408,1514,445,619
-625,-250,2408,1514,445,619
-625,-250,2408,1514,445,619
-625,-250,2409,1514,445,619
-625,-250,2408,1514,445,619
-625,-250,2408,1514,445,619
-625,-250,2408,1514,445,619
-625,-250,2407,1514,445,618
-625,-250,2408,1514,444,619
-625,-250,2408,1513,445,619
-625,-250,2408,1514,445,619
-625,-250,2408,1514,445,618
-625,-250,2408,1514,445,618
-625,-250,2408,1514,445,618
-625,-250,2408,1514,445,618
-500,-250,2331,1469,564,817
-500,-250,2331,1469,564,817
-500,-250,2331,1469,564,817
-500,-250,2331,1469,565,817
-500,-250,2331,1469,564,817
-500,-250,2331,1469,564,817
-500,-250,2331,1469,565,817
-500,-250,2331,1469,564,817
-500,-250,2331,1469,564,817
-500,-250,2331,1469,565,817
-500,-250,2331,1469,564,817
-500,-250,2331,1468,564,817
-500,-250,2330,1469,565,817
-500,-250,2331,1469,564,817
-500,-250,2331,1468,564,817
-500,-250,2331,1469,564,817
-500,-250,2331,1469,564,817
-500,-250,2330,1468,565,817
-500,-250,2331,1469,564,816
-500,-250,2330,1468,564,817
-375,-250,2193,1385,679,1009
-375,-250,2193,1385,679,1009
-375,-250,2193,1386,679,1009
-375,-250,2193,1386,680,1009
-375,-250,2193,1386,679,1009
-375,-250,2193,1386,679,1009
-375,-250,2193,1385,679,1009
-375,-250,2194,1385,679,1009
-375,-250,2193,1385,679,1009
-375,-250,2193,1385,679,1009
-375,-250,2194,1386,679,1009
-375,-250,2193,1385,679,1009
-375,-250,2193,1386,679,1009
-375,-250,2193,1385,679,1009
-375,-250,2193,1386,679,1009
-375,-250,2193,1386,679,1008
-375,-250,2193,1385,679,1009
-375,-250,2193,1386,679,1009
-375,-250,2193,1386,679,1009
-375,-250,2194,1386,679,1009
-250,-250,2040,1291,794,1203
-250,-250,2039,1291,794,1203
-250,-250,2039,1291,795,1203
-250,-250,2039,1291,794,1203
-250,-250,2039,1291,794,1202
-250,-250,2039,1291,794,1202
-250,-250,2040,1291,794,1202
-250,-250,2039,1291,794,1202
-250,-250,2039,1291,795,1203
-250,-250,2040,1291,794,1202
-250,-250,2040,1291,794,1202
-250,-250,2039,1291,794,1202
-250,-250,2039,1291,795,1203
-250,-250,2039,1291,794,1202
-250,-250,2039,1291,794,1202
-250,-250,2039,1291,794,1202
-250,-250,2040,1291,794,1202
-250,-250,2040,1291,795,1203
-250,-250,2040,1291,795,1202
-250,-250,2039,1291,794,1203
-125,-250,1876,1192,910,1397
-125,-250,1876,1192,909,1397
-125,-250,1876,1192,909,1397
-125,-250,1876,1191,910,1397
-125,-250,1876,1192,910,1397
-125,-250,1876,1192,910,1397
-125,-250,1876,1192,909,1397
-125,-250,1877,1192,909,1397
-125,-250,1876,1192,910,1397
-125,-250,1876,1192,909,1397
-125,-250,1876,1192,910,1397
-125,-250,1876,1192,909,1397
-125,-250,1876,1192,910,1397
-125,-250,1876,1192,910,1397
-125,-250,1876,1192,910,1397
-125,-250,1877,1192,910,1397
-125,-250,1876,1192,910,1397
-125,-250,1876,1192,910,1397
-125,-250,1876,1192,910,1397
-125,-250,1876,1192,910,1398
0,-250,1712,1095,1029,1600
0,-250,1712,1095,1028,1600
0,-250,1712,1094,1028,1600
0,-250,1712,1095,1029,1600
0,-250,1712,1094,1029,1600
0,-250,1712,1094,1029,1600
0,-250,1712,1094,1029,1600
0,-250,1712,1095,1028,1600
0,-250,1712,1094,1029,1601
0,-250,1712,1095,1029,1600
0,-250,1712,1095,1029,1600
0,-250,1712,1094,1029,1600
0,-250,1712,1095,1029,1600
0,-250,1712,1094,1029,1600
0,-250,1712,1094,1029,1600
0,-250,1712,1095,1029,1600
0,-250,1713,1095,1028,1600
0,-250,1712,1095,1029,1600
0,-250,1712,1095,1029,1600
0,-250,1712,1094,1029,1600
125,-250,1551,1000,1155,1818
125,-250,1552,1000,1155,1818
125,-250,1552,1000,1155,1818
125,-250,1551,1000,1155,1818
125,-250,1551,1000,1154,1818
125,-250,1551,1000,1155,1818
125,-250,1551,1000,1154,1818
125,-250,1551,1000,1154,1818
125,-250,1551,1000,1154,1818
125,-250,1551,1000,1155,1818
125,-250,1551,1000,1155,1818
125,-250,1551,1000,1154,1817
125,-250,1551,999,1154,1818
125,-250,1551,1000,1155,1818
125,-250,1551,1000,1154,1818
125,-250,1551,1000,1154,1818
125,-250,1551,1000,1154,1818
125,-250,1551,1000,1155,1818
125,-250,1551,1000,1154,1818
125,-250,1551,999,1154,1818
250,-250,1392,906,1290,2050
250,-250,1392,906,1290,2051
250,-250,1392,906,1290,2050
250,-250,1392,906,1290,2050
250,-250,1392,906,1290,2051
250,-250,1392,906,1290,2051
250,-250,1392,906,1290,2051
250,-250,1393,906,1290,2051
250,-250,1393,906,1290,2051
250,-250,1393,906,1290,2051
250,-250,1392,906,1290,2051
250,-250,1392,906,1290,2051
250,-250,1392,906,1289,2050
250,-250,1392,906,1289,2051
250,-250,1392,906,1290,2050
250,-250,1392,906,1290,2050
250,-250,1392,906,1290,2051
250,-250,1392,906,1290,2050
250,-250,1392,906,1290,2050
250,-250,1392,906,1290,2050
375,-250,1232,813,1439,2302
375,-250,1231,813,1439,2302
375,-250,1232,813,1439,2302
375,-250,1231,813,1438,2302
375,-250,1231,813,1439,2303
375,-250,1232,813,1439,2303
375,-250,1231,813,1438,2302
375,-250,1231,813,1439,2302
375,-250,1232,813,1438,2302
375,-250,1232,813,1438,2302
375,-250,1232,813,1439,2303
375,-250,1231,813,1439,2302
375,-250,1232,813,1438,2303
375,-250,1232,813,1438,2302
375,-250,1231,813,1439,2302
375,-250,1232,813,1439,2303
375,-250,1232,813,1439,2302
375,-250,1232,813,1438,2302
375,-250,1232,812,1438,2302
375,-250,1232,813,1438,2302
500,-250,1064,717,1598,2570
500,-250,1064,716,1597,2570
500,-250,1065,716,1598,2571
500,-250,1064,717,1597,2570
500,-250,1064,716,1597,2570
500,-250,1064,717,1597,2570
500,-250,1064,717,1597,2570
500,-250,1065,717,1597,2570
500,-250,1065,717,1597,2570
500,-250,1064,717,1597,2570
500,-250,1064,717,1597,2570
500,-250,1064,717,1597,2570
500,-250,1065,717,1597,2570
500,-250,1064,716,1597,2570
500,-250,1064,716,1597,2570
500,-250,1064,717,1597,2570
500,-250,1064,717,1597,2570
500,-250,1064,717,1597,2570
500,-250,1064,716,1597,2570
500,-250,1064,716,1597,2570
625,-250,890,617,1763,2853
625,-250,890,617,1763,2854
625,-250,890,617,1764,2853
625,-250,890,617,1763,2853
625,-250,890,617,1763,2854
625,-250,890,617,1764,2853
625,-250,890,617,1763,2853
625,-250,890,617,1763,2853
625,-250,890,618,1764,2853
625,-250,890,617,1763,2853
625,-250,890,617,1763,2853
625,-250,890,617,1763,2853
625,-250,890,617,1763,2854
625,-250,890,617,1764,2854
625,-250,890,617,1764,2853
625,-250,890,617,1763,2853
625,-250,890,617,1763,2854
625,-250,890,617,1763,2853
625,-250,890,618,1763,2853
625,-250,889,618,1764,2853
-625,-125,2216,1771,507,596
-625,-125,2217,1772,507,596
-625,-125,2216,1772,507,596
-625,-125,2217,1771,507,596
-625,-125,2217,1771,507,596
-625,-125,2216,1771,507,595
-625,-125,2216,1771,507,595
-625,-125,2217,1771,507,595
-625,-125,2216,1771,507,596
-625,-125,2216,1771,507,596
-625,-125,2216,1771,507,595
-625,-125,2216,1771,507,595
-625,-125,2217,1771,507,595
-625,-125,2217,1771,507,595
-625,-125,2216,1771,507,596
-625,-125,2216,1771,507,595
-625,-125,2216,1771,507,595
-625,-125,2216,1771,506,595
-625,-125,2216,1771,507,596
-625,-125,2216,1771,507,596
-500,-125,2141,1710,646,774
-500,-125,2141,1710,646,775
-500,-125,2141,1710,646,775
-500,-125,2141,1710,646,774
-500,-125,2141,1710,646,774
-500,-125,2141,1709,646,775
-500,-125,2140,1710,646,774
-500,-125,2141,1710,646,774
-500,-125,2141,1710,646,774
-500,-125,2140,1710,646,775
-500,-125,2140,1710,646,775
-500,-125,2141,1710,646,774
-500,-125,2140,1710,646,774
-500,-125,2141,1710,646,774
-500,-125,2141,1709,646,774
-500,-125,2140,1710,646,775
-500,-125,2141,1710,646,775
-500,-125,2140,1710,646,774
-500,-125,2140,1710,646,774
-500,-125,2141,1710,646,774
-375,-125,2002,1599,775,942
-375,-125,2002,1598,775,942
-375,-125,2002,1598,775,942
-375,-125,2002,1598,775,942
-375,-125,2002,1598,775,942
-375,-125,2002,1598,775,942
-375,-125,2002,1598,775,942
-375,-125,2002,1598,775,942
-375,-125,2002,1598,775,942
-375,-125,2002,1598,775,942
-375,-125,2002,1598,775,942
-375,-125,2002,1598,775,942
-375,-125,2002,1598,775,941
-375,-125,2002,1598,774,942
-375,-125,2002,1598,775,942
-375,-125,2002,1598,775,942
-375,-125,2002,1598,775,942
-375,-125,2002,1599,775,942
-375,-125,2002,1598,775,942
-375,-125,2002,1598,774,942
-250,-125,1854,1478,904,1111
-250,-125,1854,1478,904,1111
-250,-125,1853,1479,904,1110
-250,-125,1854,1478,904,1111
-250,-125,1854,1478,904,1111
-250,-125,1854,1478,904,1110
-250,-125,1854,1479,904,1110
-250,-125,1854,1478,904,1110
-250,-125,1854,1479,904,1110
-250,-125,1854,1478,904,1110
-250,-125,1854,1478,904,1111
-250,-125,1854,1479,904,1110
-250,-125,1854,1479,904,1111
-250,-125,1853,1479,904,1110
-250,-125,1854,1478,904,1110
-250,-125,1854,1478,904,1110
-250,-125,1853,1478,904,1110
-250,-125,1854,1479,904,1110
-250,-125,1854,1478,904,1110
-250,-125,1854,1478,904,1110
-125,-125,1705,1359,1037,1284
-125,-125,1706,1360,1037,1284
-125,-125,1705,1360,1037,1283
-125,-125,1706,1360,1036,1283
-125,-125,1706,1360,1037,1283
-125,-125,1706,1359,1037,1284
-125,-125,1705,1359,1037,1284
-125,-125,1706,1360,1037,1283
-125,-125,1706,1360,1036,1283
-125,-125,1705,1359,1037,1284
-125,-125,1705,1359,1037,1284
-125,-125,1705,1359,1036,1284
-125,-125,1705,1359,1037,1284
-125,-125,1705,1359,1037,1283
-125,-125,1706,1359,1037,1284
-125,-125,1705,1359,1037,1283
-125,-125,1705,1360,1037,1283
-125,-125,1705,1359,1036,1284
-125,-125,1705,1359,1037,1283
-125,-125,1706,1359,1036,1283
0,-125,1557,1243,1174,1465
0,-125,1556,1243,1174,1465
0,-125,1557,1243,1174,1465
0,-125,1557,1243,1174,1465
0,-125,1557,1243,1174,1465
0,-125,1557,1243,1174,1465
0,-125,1556,1243,1174,1465
0,-125,1557,1243,1174,1465
0,-125,1557,1243,1174,1465
0,-125,1556,1243,1174,1465
0,-125,1557,1243,1174,1465
0,-125,1557,1243,1174,1465
0,-125,1557,1242,1174,1465
0,-125,1557,1243,1174,1465
0,-125,1557,1243,1174,1465
0,-125,1557,1243,1174,1465
0,-125,1556,1243,1174,1465
0,-125,1557,1243,1174,1465
0,-125,1556,1243,1174,1465
0,-125,1557,1243,1174,1465
125,-125,1409,1129,1317,1658
125,-125,1409,1129,1317,1658
125,-125,1409,1129,1317,1658
125,-125,1409,1129,1317,1657
125,-125,1409,1129,1317,1658
125,-125,1408,1129,1318,1658
125,-125,1408,1129,1317,1658
125,-125,1408,1129,1317,1658
125,-125,1409,1129,1318,1658
125,-125,1408,1129,1317,1657
125,-125,1409,1129,1317,1658
125,-125,1408,1129,1317,1658
125,-125,1409,1129,1317,1658
125,-125,1408,1129,1317,1658
125,-125,1409,1129,1318,1658
125,-125,1408,1129,1317,1658
125,-125,1409,1129,1317,1658
125,-125,1408,1129,1318,1658
125,-125,1409,1129,1317,1658
125,-125,1408,1129,1317,1658
250,-125,1259,1014,1468,1859
250,-125,1259,1015,1468,1858
250,-125,1259,1014,1468,1859
250,-125,1259,1015,1468,1858
250,-125,1259,1015,1469,1859
250,-125,1259,1015,1469,1859
250,-125,1259,1015,1468,1858
250,-125,1259,1015,1469,1859
250,-125,1259,1014,1468,1859
250,-125,1259,1014,1469,1859
250,-125,1259,1014,1468,1858
250,-125,1259,1014,1468,1859
250,-125,1259,1015,1468,1859
250,-125,1259,1014,1468,1859
250,-125,1259,1014,1469,1859
250,-125,1259,1015,1469,1858
250,-125,1259,1015,1468,1859
250,-125,1259,1014,1469,1859
250,-125,1259,1015,1468,1858
250,-125,1259,1014,1468,1858
375,-125,1111,901,1633,2073
375,-125,1111,901,1633,2073
375,-125,1111,900,1633,2072
375,-125,1111,900,1632,2073
375,-125,1111,900,1633,2073
375,-125,1111,900,1633,2072
375,-125,1111,900,1632,2073
375,-125,1111,900,1632,2072
375,-125,1111,900,1633,2072
375,-125,1111,900,1632,2073
375,-125,1111,900,1633,2073
375,-125,1111,901,1633,2072
375,-125,1111,900,1632,2072
375,-125,1111,900,1633,2073
375,-125,1111,901,1633,2072
375,-125,1111,900,1632,2072
375,-125,1111,900,1632,2072
375,-125,1111,900,1632,2072
375,-125,1111,900,1632,2072
375,-125,1110,900,1633,2073
500,-125,962,788,1815,2308
500,-125,963,788,1814,2308
500,-125,963,788,1814,2308
500,-125,963,788,1814,2308
500,-125,963,788,1814,2308
500,-125,963,788,1814,2308
500,-125,963,788,1814,2308
500,-125,963,788,1814,2308
500,-125,963,789,1814,2308
500,-125,963,788,1814,2308
500,-125,963,788,1814,2308
500,-125,963,788,1814,2307
500,-125,963,788,1814,2308
500,-125,963,788,1814,2308
500,-125,963,788,1814,2308
500,-125,963,788,1814,2308
500,-125,963,788,1814,2307
500,-125,964,788,1814,2308
500,-125,963,788,1814,2308
500,-125,963,788,1814,2308
625,-125,810,674,2009,2561
625,-125,810,674,2009,2560
625,-125,811,674,2009,2560
625,-125,811,673,2009,2561
625,-125,810,674,2009,2560
625,-125,810,674,2009,2560
625,-125,810,674,2009,2560
625,-125,810,674,2009,2560
625,-125,810,674,2008,2560
625,-125,810,673,2009,2560
625,-125,810,674,2009,2561
625,-125,810,673,2009,2560
625,-125,810,674,2009,2561
625,-125,811,674,2009,2561
625,-125,810,674,2009,2560
625,-125,810,674,2009,2561
625,-125,810,674,2009,2560
625,-125,810,674,2009,2560
625,-125,810,673,2009,2560
625,-125,811,674,2009,2560
-625,0,2006,2028,561,558
-625,0,2006,2028,562,559
-625,0,2006,2028,561,559
-625,0,2006,2028,561,559
-625,0,2006,2028,561,559
-625,0,2006,2028,562,559
-625,0,2006,2027,561,559
-625,0,2006,2028,561,559
-625,0,2006,2027,561,559
-625,0,2006,2027,561,559
-625,0,2006,2028,561,559
-625,0,2005,2027,561,559
-625,0,2006,2028,561,559
-625,0,2006,2027,561,559
-625,0,2006,2027,561,559
-625,0,2006,2027,561,559
-625,0,2006,2027,561,559
-625,0,2006,2028,561,558
-625,0,2006,2027,560,559
-625,0,2006,2028,561,559
-500,0,1933,1948,720,718
-500,0,1934,1947,720,718
-500,0,1934,1947,720,718
-500,0,1934,1947,720,719
-500,0,1933,1947,721,718
-500,0,1934,1947,720,718
-500,0,1934,1947,720,718
-500,0,1934,1947,720,718
-500,0,1934,1947,720,719
-500,0,1933,1947,720,718
-500,0,1934,1947,720,718
-500,0,1934,1947,720,718
-500,0,1933,1947,720,718
-500,0,1933,1947,720,718
-500,0,1934,1947,720,718
-500,0,1934,1947,720,718
-500,0,1933,1947,720,718
-500,0,1933,1947,720,718
-500,0,1934,1947,720,719
-500,0,1933,1947,720,718
-375,0,1803,1810,866,865
-375,0,1803,1809,866,865
-375,0,1803,1810,866,865
-375,0,1803,1809,866,865
-375,0,1803,1809,866,865
-375,0,1803,1810,866,865
-375,0,1803,1810,866,865
-375,0,1803,1809,865,865
-375,0,1803,1810,866,865
-375,0,1803,1809,866,865
-375,0,1803,1809,866,865
-375,0,1803,1809,866,865
-375,0,1803,1809,865,865
-375,0,1803,1809,866,865
-375,0,1803,1809,866,865
-375,0,1803,1809,866,865
-375,0,1803,1809,866,865
-375,0,1803,1809,866,865
-375,0,1803,1809,866,865
-375,0,1803,1809,866,865
-250,0,1665,1665,1011,1013
-250,0,1665,1665,1011,1012
-250,0,1665,1665,1011,1012
-250,0,1665,1665,1011,1013
-250,0,1665,1665,1010,1013
-250,0,1665,1665,1011,1013
-250,0,1665,1665,1011,1012
-250,0,1665,1665,1011,1012
-250,0,1665,1665,1011,1012
-250,0,1665,1665,1011,1013
-250,0,1665,1665,1011,1013
-250,0,1665,1665,1011,1013
-250,0,1665,1666,1011,1013
-250,0,1665,1665,1011,1013
-250,0,1665,1665,1011,1013
-250,0,1665,1665,1011,1012
-250,0,1665,1665,1011,1012
-250,0,1664,1665,1011,1013
-250,0,1665,1665,1011,1012
-250,0,1665,1664,1011,1013
-125,0,1532,1527,1162,1166
-125,0,1532,1527,1162,1166
-125,0,1533,1527,1162,1166
-125,0,1532,1527,1162,1166
-125,0,1532,1527,1161,1166
-125,0,1532,1528,1162,1166
-125,0,1533,1527,1162,1166
-125,0,1532,1527,1162,1166
-125,0,1532,1528,1161,1166
-125,0,1532,1527,1162,1166
-125,0,1532,1527,1162,1166
-125,0,1532,1528,1162,1166
-125,0,1532,1527,1161,1166
-125,0,1532,1527,1162,1166
-125,0,1532,1528,1161,1166
-125,0,1532,1527,1162,1166
-125,0,1532,1528,1162,1166
-125,0,1532,1528,1162,1166
-125,0,1532,1527,1162,1166
-125,0,1532,1527,1161,1166
0,0,1402,1394,1320,1328
0,0,1402,1394,1319,1328
0,0,1402,1394,1320,1328
0,0,1402,1394,1319,1328
0,0,1402,1394,1319,1328
0,0,1402,1394,1320,1328
0,0,1402,1394,1320,1328
0,0,1402,1394,1320,1328
0,0,1402,1394,1319,1328
0,0,1402,1394,1319,1328
0,0,1402,1394,1320,1328
0,0,1402,1394,1320,1328
0,0,1402,1394,1320,1328
0,0,1402,1394,1320,1328
0,0,1402,1394,1320,1328
0,0,1402,1394,1320,1328
0,0,1402,1394,1320,1328
0,0,1402,1394,1320,1328
0,0,1402,1394,1320,1328
0,0,1402,1394,1319,1328
125,0,1270,1261,1484,1498
125,0,1270,1261,1484,1497
125,0,1270,1260,1484,1498
125,0,1270,1261,1484,1498
125,0,1270,1261,1484,1497
125,0,1270,1261,1484,1498
125,0,1270,1261,1484,1498
125,0,1270,1260,1484,1498
125,0,1270,1261,1484,1498
125,0,1270,1261,1484,1497
125,0,1271,1261,1484,1498
125,0,1270,1261,1484,1498
125,0,1271,1261,1484,1498
125,0,1271,1261,1484,1498
125,0,1271,1261,1484,1498
125,0,1270,1261,1484,1498
125,0,1270,1261,1484,1498
125,0,1270,1261,1484,1498
125,0,1270,1261,1484,1497
125,0,1271,1261,1484,1498
250,0,1135,1125,1654,1671
250,0,1135,1126,1654,1671
250,0,1135,1126,1653,1671
250,0,1135,1126,1654,1671
250,0,1135,1125,1653,1671
250,0,1136,1126,1653,1671
250,0,1136,1125,1654,1672
250,0,1135,1126,1654,1671
250,0,1136,1126,1654,1671
250,0,1136,1126,1653,1671
250,0,1135,1125,1654,1672
250,0,1135,1126,1654,1671
250,0,1135,1126,1654,1671
250,0,1135,1126,1653,1671
250,0,1136,1126,1653,1671
250,0,1135,1125,1653,1672
250,0,1135,1126,1654,1671
250,0,1136,1126,1653,1671
250,0,1136,1126,1654,1671
250,0,1136,1126,1653,1671
375,0,1001,991,1835,1855
375,0,1001,992,1835,1855
375,0,1001,992,1835,1855
375,0,1001,992,1835,1855
375,0,1002,992,1835,1855
375,0,1001,992,1835,1855
375,0,1001,992,1835,1856
375,0,1001,992,1835,1855
375,0,1001,992,1835,1855
375,0,1001,992,1835,1855
375,0,1002,992,1835,1855
375,0,1001,991,1835,1855
375,0,1001,992,1835,1855
375,0,1002,992,1834,1855
375,0,1001,992,1834,1855
375,0,1001,992,1835,1855
375,0,1001,992,1835,1855
375,0,1001,992,1835,1855
375,0,1001,992,1835,1855
375,0,1002,992,1835,1855
500,0,871,863,2041,2063
500,0,871,863,2041,2064
500,0,871,863,2042,2064
500,0,871,864,2041,2063
500,0,871,863,2041,2063
500,0,871,863,2041,2063
500,0,871,863,2041,2063
500,0,870,863,2042,2063
500,0,871,863,2042,2063
500,0,871,863,2041,2063
500,0,871,863,2042,2064
500,0,872,863,2042,2063
500,0,871,863,2042,2063
500,0,871,863,2042,2063
500,0,871,863,2041,2063
500,0,871,863,2041,2063
500,0,871,863,2041,2063
500,0,871,863,2041,2063
500,0,871,863,2041,2063
500,0,871,863,2042,2063
625,0,740,734,2270,2292
625,0,740,734,2269,2291
625,0,740,734,2269,2291
625,0,740,734,2270,2292
625,0,740,734,2270,2292
625,0,740,734,2269,2291
625,0,740,734,2269,2291
625,0,740,734,2269,2291
625,0,740,734,2269,2291
625,0,740,735,2269,2291
625,0,740,734,2269,2291
625,0,740,734,2270,2291
625,0,740,734,2269,2291
625,0,740,734,2269,2291
625,0,740,734,2269,2291
625,0,740,734,2269,2291
625,0,740,734,2269,2291
625,0,740,734,2269,2291
625,0,740,735,2269,2291
625,0,740,734,2270,2292
-625,125,1793,2293,620,523
-625,125,1793,2294,621,523
-625,125,1793,2294,621,522
-625,125,1794,2293,620,523
-625,125,1793,2294,621,523
-625,125,1794,2294,621,523
-625,125,1793,2293,621,523
-625,125,1793,2294,621,523
-625,125,1794,2294,620,523
-625,125,1793,2293,620,523
-625,125,1793,2294,621,523
-625,125,1793,2293,621,523
-625,125,1793,2294,621,524
-625,125,1794,2294,621,523
-625,125,1794,2293,620,523
-625,125,1793,2293,621,524
-625,125,1793,2294,621,523
-625,125,1793,2293,621,523
-625,125,1794,2294,621,523
-625,125,1794,2293,620,523
-500,125,1729,2196,802,664
-500,125,1729,2196,802,664
-500,125,1729,2196,801,664
-500,125,1729,2196,802,664
-500,125,1729,2196,801,664
-500,125,1729,2196,801,664
-500,125,1729,2196,802,664
-500,125,1729,2196,801,664
-500,125,1729,2196,801,664
-500,125,1729,2196,801,664
-500,125,1729,2196,801,664
-500,125,1729,2196,801,664
-500,125,1729,2196,802,664
-500,125,1729,2196,801,664
-500,125,1729,2196,801,664
-500,125,1729,2196,802,664
-500,125,1729,2196,801,664
-500,125,1729,2196,801,664
-500,125,1728,2196,801,663
-500,125,1729,2196,801,663
-375,125,1611,2036,966,793
-375,125,1611,2036,967,793
-375,125,1611,2036,966,792
-375,125,1612,2036,966,792
-375,125,1611,2036,966,793
-375,125,1611,2036,966,793
-375,125,1611,2036,966,792
-375,125,1611,2036,967,792
-375,125,1611,2036,967,792
-375,125,1612,2036,966,793
-375,125,1611,2036,967,793
-375,125,1611,2036,967,792
-375,125,1611,2036,967,792
-375,125,1611,2036,967,792
-375,125,1612,2036,966,792
-375,125,1611,2036,966,793
-375,125,1611,2036,967,793
-375,125,1611,2036,966,792
-375,125,1612,2036,967,793
-375,125,1612,2036,967,792
-250,125,1483,1863,1126,918
-250,125,1482,1864,1126,918
-250,125,1483,1863,1126,918
-250,125,1482,1863,1126,918
-250,125,1483,1864,1126,918
-250,125,1482,1863,1126,918
-250,125,1482,1863,1126,918
-250,125,1482,1864,1126,918
-250,125,1483,1864,1126,918
-250,125,1483,1864,1126,918
-250,125,1482,1864,1126,918
-250,125,1482,1863,1126,918
-250,125,1482,1864,1127,918
-250,125,1483,1864,1126,918
-250,125,1483,1863,1126,917
-250,125,1482,1863,1126,918
-250,125,1482,1863,1126,918
-250,125,1483,1863,1126,918
-250,125,1482,1864,1127,918
-250,125,1483,1864,1126,918
-125,125,1361,1701,1291,1049
-125,125,1360,1701,1291,1049
-125,125,1361,1701,1291,1049
-125,125,1361,1701,1291,1049
-125,125,1360,1701,1291,1049
-125,125,1361,1701,1291,1048
-125,125,1361,1701,1291,1049
-125,125,1360,1701,1291,1049
-125,125,1361,1701,1291,1049
-125,125,1361,1701,1291,1049
-125,125,1361,1701,1291,1049
-125,125,1361,1701,1291,1049
-125,125,1361,1700,1291,1049
-125,125,1360,1701,1292,1049
-125,125,1361,1701,1291,1049
-125,125,1361,1701,1291,1049
-125,125,1360,1701,1291,1049
-125,125,1361,1701,1291,1049
-125,125,1361,1701,1291,1049
-125,125,1361,1701,1292,1049
0,125,1246,1547,1468,1189
0,125,1246,1548,1468,1188
0,125,1247,1547,1468,1189
0,125,1247,1547,1468,1189
0,125,1247,1547,1468,1189
0,125,1246,1547,1468,1188
0,125,1246,1547,1468,1189
0,125,1246,1548,1468,1189
0,125,1247,1547,1468,1189
0,125,1246,1547,1468,1189
0,125,1246,1547,1468,1189
0,125,1247,1547,1468,1188
0,125,1247,1547,1468,1189
0,125,1246,1547,1468,1188
0,125,1247,1547,1468,1189
0,125,1246,1547,1468,1189
0,125,1246,1547,1468,1188
0,125,1247,1547,1468,1189
0,125,1247,1547,1468,1189
0,125,1246,1547,1468,1188
125,125,1135,1396,1656,1337
125,125,1135,1396,1656,1337
125,125,1135,1396,1656,1336
125,125,1135,1396,1656,1336
125,125,1134,1395,1656,1337
125,125,1135,1396,1656,1336
125,125,1135,1396,1656,1337
125,125,1135,1396,1656,1337
125,125,1134,1396,1656,1336
125,125,1135,1396,1656,1337
125,125,1135,1396,1656,1337
125,125,1134,1396,1656,1336
125,125,1135,1396,1655,1337
125,125,1134,1396,1656,1336
125,125,1135,1396,1656,1336
125,125,1135,1396,1656,1337
125,125,1134,1396,1656,1337
125,125,1135,1396,1656,1336
125,125,1134,1396,1656,1337
125,125,1134,1396,1656,1336
250,125,1020,1244,1851,1491
250,125,1020,1244,1851,1490
250,125,1019,1244,1851,1490
250,125,1019,1243,1851,1491
250,125,1019,1244,1851,1490
250,125,1019,1244,1851,1490
250,125,1020,1244,1851,1490
250,125,1019,1245,1851,1491
250,125,1020,1244,1851,1491
250,125,1020,1244,1851,1490
250,125,1020,1244,1851,1490
250,125,1020,1244,1851,1490
250,125,1019,1244,1851,1490
250,125,1019,1244,1851,1490
250,125,1020,1244,1851,1490
250,125,1019,1244,1851,1490
250,125,1020,1244,1851,1490
250,125,1019,1244,1851,1490
250,125,1019,1244,1851,1491
250,125,1020,1244,1851,1490
375,125,904,1094,2060,1656
375,125,903,1094,2060,1656
375,125,904,1094,2060,1656
375,125,904,1094,2060,1657
375,125,903,1094,2060,1657
375,125,903,1094,2060,1656
375,125,904,1094,2060,1656
375,125,904,1094,2060,1657
375,125,904,1094,2060,1656
375,125,903,1094,2060,1657
375,125,903,1094,2061,1656
375,125,904,1094,2060,1656
375,125,904,1094,2060,1657
375,125,903,1094,2060,1656
375,125,903,1094,2060,1656
375,125,903,1094,2060,1656
375,125,903,1094,2060,1656
375,125,904,1094,2060,1656
375,125,904,1094,2060,1657
375,125,904,1094,2060,1656
500,125,791,949,2300,1846
500,125,791,950,2300,1846
500,125,792,949,2299,1845
500,125,792,949,2299,1846
500,125,791,949,2300,1845
500,125,791,949,2299,1846
500,125,791,949,2300,1846
500,125,792,949,2300,1845
500,125,792,949,2299,1845
500,125,792,949,2299,1846
500,125,791,949,2299,1845
500,125,792,949,2299,1845
500,125,791,949,2300,1845
500,125,792,949,2299,1845
500,125,792,949,2299,1845
500,125,791,948,2299,1846
500,125,791,949,2300,1845
500,125,792,949,2299,1845
500,125,791,949,2299,1845
500,125,792,949,2299,1845
625,125,679,803,2564,2050
625,125,679,803,2564,2050
625,125,679,803,2564,2050
625,125,678,803,2564,2050
625,125,678,803,2563,2050
625,125,679,803,2563,2050
625,125,678,803,2564,2050
625,125,678,803,2564,2050
625,125,679,803,2564,2050
625,125,678,803,2564,2050
625,125,679,803,2563,2050
625,125,678,802,2563,2050
625,125,678,803,2564,2050
625,125,679,803,2563,2049
625,125,679,803,2563,2050
625,125,678,803,2564,2049
625,125,679,803,2563,2049
625,125,678,803,2564,2050
625,125,678,803,2563,2049
625,125,679,803,2563,2049
-625,250,1555,2534,669,474
-625,250,1554,2534,669,474
-625,250,1555,2534,669,473
-625,250,1555,2534,669,473
-625,250,1554,2534,669,473
-625,250,1555,2534,669,473
-625,250,1554,2534,669,474
-625,250,1554,2534,669,473
-625,250,1555,2534,669,473
-625,250,1555,2534,669,474
-625,250,1555,2534,669,473
-625,250,1555,2534,669,473
-625,250,1554,2534,669,473
-625,250,1555,2534,669,473
-625,250,1555,2534,669,473
-625,250,1554,2533,669,473
-625,250,1554,2534,669,474
-625,250,1555,2533,668,473
-625,250,1555,2534,669,473
-625,250,1555,2534,668,474
-500,250,1505,2428,873,597
-500,250,1504,2428,873,597
-500,250,1504,2428,873,597
-500,250,1504,2428,873,597
-500,250,1505,2428,873,597
-500,250,1505,2428,873,597
-500,250,1504,2428,873,597
-500,250,1504,2428,873,597
-500,250,1504,2428,873,597
-500,250,1504,2428,873,597
-500,250,1504,2428,873,597
-500,250,1505,2428,873,597
-500,250,1504,2428,873,597
-500,250,1504,2428,873,597
-500,250,1504,2428,873,596
-500,250,1504,2428,873,597
-500,250,1504,2428,873,597
-500,250,1504,2428,873,597
-500,250,1504,2428,874,597
-500,250,1504,2428,873,597
-375,250,1411,2259,1063,710
-375,250,1411,2259,1063,711
-375,250,1410,2258,1063,711
-375,250,1410,2259,1063,710
-375,250,1410,2259,1063,710
-375,250,1410,2259,1063,710
-375,250,1410,2259,1063,710
-375,250,1411,2259,1062,710
-375,250,1410,2259,1063,711
-375,250,1410,2259,1063,711
-375,250,1411,2259,1062,710
-375,250,1411,2259,1063,711
-375,250,1410,2259,1063,710
-375,250,1410,2259,1062,711
-375,250,1410,2259,1063,710
-375,250,1410,2259,1063,710
-375,250,1411,2259,1063,711
-375,250,1411,2259,1063,711
-375,250,1410,2259,1063,711
-375,250,1410,2259,1062,711
-250,250,1298,2064,1242,818
-250,250,1298,2064,1242,817
-250,250,1299,2064,1241,818
-250,250,1298,2064,1242,818
-250,250,1298,2063,1242,818
-250,250,1298,2064,1241,818
-250,250,1298,2064,1242,818
-250,250,1298,2064,1242,818
-250,250,1299,2064,1241,818
-250,250,1298,2063,1242,818
-250,250,1298,2064,1242,818
-250,250,1298,2064,1242,818
-250,250,1298,2064,1242,818
-250,250,1298,2064,1241,817
-250,250,1298,2064,1241,818
-250,250,1298,2064,1242,818
-250,250,1298,2064,1242,818
-250,250,1298,2064,1241,818
-250,250,1298,2064,1242,818
-250,250,1298,2064,1241,818
-125,250,1188,1873,1421,926
-125,250,1188,1873,1421,926
-125,250,1188,1873,1421,926
-125,250,1188,1873,1421,926
-125,250,1187,1873,1421,927
-125,250,1188,1873,1421,926
-125,250,1188,1873,1421,927
-125,250,1187,1873,1422,926
-125,250,1188,1873,1421,926
-125,250,1188,1873,1421,926
-125,250,1188,1873,1421,926
-125,250,1188,1873,1421,926
-125,250,1187,1873,1421,927
-125,250,1188,1873,1422,926
-125,250,1188,1873,1421,926
-125,250,1188,1872,1421,927
-125,250,1188,1873,1421,926
-125,250,1188,1873,1421,926
-125,250,1187,1873,1421,927
-125,250,1188,1873,1421,926
0,250,1088,1697,1616,1043
0,250,1088,1696,1615,1044
0,250,1088,1697,1616,1044
0,250,1088,1697,1615,1043
0,250,1089,1697,1615,1043
0,250,1088,1697,1615,1044
0,250,1088,1697,1615,1044
0,250,1088,1697,1616,1044
0,250,1088,1697,1616,1044
0,250,1089,1697,1615,1043
0,250,1088,1697,1615,1044
0,250,1088,1697,1616,1044
0,250,1088,1697,1615,1043
0,250,1088,1697,1616,1044
0,250,1088,1697,1616,1043
0,250,1088,1697,1615,1044
0,250,1088,1697,1615,1044
0,250,1088,1697,1616,1044
0,250,1088,1697,1616,1043
0,250,1088,1697,1616,1043
125,250,998,1534,1833,1174
125,250,998,1534,1832,1174
125,250,998,1533,1832,1175
125,250,998,1533,1832,1175
125,250,998,1534,1832,1175
125,250,997,1533,1832,1174
125,250,998,1534,1832,1174
125,250,998,1534,1832,1174
125,250,998,1533,1833,1175
125,250,998,1534,1833,1175
125,250,997,1533,1832,1175
125,250,998,1534,1832,1174
125,250,998,1534,1832,1174
125,250,998,1533,1832,1175
125,250,997,1533,1833,1175
125,250,998,1534,1832,1174
125,250,998,1533,1832,1175
125,250,998,1534,1833,1175
125,250,998,1533,1832,1174
125,250,998,1533,1832,1175
250,250,904,1370,2060,1314
250,250,905,1370,2060,1314
250,250,905,1370,2060,1314
250,250,905,1370,2059,1314
250,250,905,1370,2060,1314
250,250,904,1370,2060,1314
250,250,905,1370,2060,1314
250,250,905,1370,2059,1314
250,250,904,1370,2060,1314
250,250,905,1370,2060,1314
250,250,904,1370,2060,1315
250,250,904,1370,2060,1313
250,250,905,1370,2059,1314
250,250,905,1370,2060,1314
250,250,905,1370,2060,1314
250,250,905,1369,2060,1314
250,250,905,1369,2060,1314
250,250,905,1370,2060,1314
250,250,905,1370,2059,1314
250,250,905,1370,2060,1314
375,250,809,1205,2304,1465
375,250,809,1205,2304,1465
375,250,809,1205,2304,1464
375,250,809,1205,2304,1464
375,250,809,1205,2304,1464
375,250,809,1205,2304,1464
375,250,809,1205,2304,1464
375,250,809,1205,2304,1465
375,250,809,1205,2304,1465
375,250,810,1205,2304,1464
375,250,809,1205,2304,1465
375,250,809,1205,2304,1464
375,250,809,1205,2304,1464
375,250,809,1204,2304,1465
375,250,809,1205,2304,1464
375,250,810,1205,2304,1464
375,250,809,1205,2304,1465
375,250,809,1205,2304,1465
375,250,809,1205,2304,1465
375,250,809,1205,2304,1465
500,250,715,1042,2579,1632
500,250,715,1042,2579,1632
500,250,714,1042,2580,1633
500,250,715,1042,2579,1632
500,250,714,1042,2579,1633
500,250,715,1042,2579,1632
500,250,715,1042,2579,1633
500,250,715,1042,2579,1633
500,250,715,1042,2579,1633
500,250,715,1042,2579,1633
500,250,715,1042,2579,1633
500,250,714,1042,2579,1632
500,250,715,1042,2579,1633
500,250,714,1042,2579,1633
500,250,714,1042,2580,1633
500,250,714,1042,2579,1633
500,250,715,1043,2579,1632
500,250,715,1043,2579,1633
500,250,715,1042,2579,1633
500,250,714,1042,2580,1633
625,250,619,877,2886,1815
625,250,619,877,2886,1816
625,250,619,877,2886,1815
625,250,619,877,2886,1815
625,250,619,877,2886,1815
625,250,619,877,2886,1816
625,250,619,877,2886,1815
625,250,619,877,2886,1815
625,250,619,877,2886,1815
625,250,619,877,2885,1815
625,250,619,877,2886,1815
625,250,619,877,2886,1815
625,250,619,877,2886,1815
625,250,619,877,2886,1815
625,250,619,877,2885,1815
625,250,619,877,2886,1816
625,250,619,877,2886,1815
625,250,619,877,2886,1815
625,250,619,877,2886,1815
625,250,619,877,2886,1815
-625,375,1301,2739,712,419
-625,375,1301,2739,712,419
-625,375,1300,2739,712,419
-625,375,1301,2739,712,419
-625,375,1301,2738,712,420
-625,375,1301,2739,712,419
-625,375,1301,2739,712,419
-625,375,1301,2739,712,419
-625,375,1300,2739,712,419
-625,375,1301,2739,712,419
-625,375,1301,2738,712,420
-625,375,1300,2739,712,419
-625,375,1300,2739,712,419
-625,375,1300,2739,712,419
-625,375,1300,2739,712,419
-625,375,1301,2739,712,419
-625,375,1301,2738,713,420
-625,375,1300,2739,712,419
-625,375,1301,2739,712,419
-625,375,1301,2738,712,420
-500,375,1266,2634,940,525
-500,375,1266,2634,940,524
-500,375,1267,2634,939,524
-500,375,1266,2634,939,525
-500,375,1267,2635,940,525
-500,375,1267,2634,940,525
-500,375,1266,2634,940,525
-500,375,1267,2635,940,524
-500,375,1267,2634,939,525
-500,375,1267,2634,940,525
-500,375,1267,2634,939,525
-500,375,1267,2634,940,525
-500,375,1266,2634,940,524
-500,375,1267,2634,939,524
-500,375,1267,2634,939,525
-500,375,1267,2634,940,525
-500,375,1267,2634,940,524
-500,375,1266,2634,940,525
-500,375,1266,2634,940,524
-500,375,1267,2634,939,525
-375,375,1202,2472,1159,626
-375,375,1202,2471,1159,626
-375,375,1201,2472,1159,626
-375,375,1202,2472,1159,626
-375,375,1202,2472,1159,626
-375,375,1202,2472,1159,626
-375,375,1201,2472,1159,626
-375,375,1202,2472,1159,626
-375,375,1201,2472,1159,626
-375,375,1202,2472,1159,626
-375,375,1202,2471,1159,626
-375,375,1201,2472,1159,626
-375,375,1202,2472,1159,626
-375,375,1201,2472,1159,626
-375,375,1202,2472,1159,626
-375,375,1202,2471,1159,626
-375,375,1202,2471,1159,626
-375,375,1201,2472,1159,626
-375,375,1202,2472,1159,625
-375,375,1202,2471,1159,626
-250,375,1117,2271,1366,719
-250,375,1117,2270,1366,720
-250,375,1116,2271,1367,720
-250,375,1116,2271,1367,720
-250,375,1116,2271,1367,720
-250,375,1116,2271,1367,720
-250,375,1117,2271,1366,720
-250,375,1116,2270,1366,720
-250,375,1116,2270,1367,720
-250,375,1117,2271,1366,719
-250,375,1117,2271,1366,720
-250,375,1116,2271,1366,720
-250,375,1117,2271,1366,720
-250,375,1116,2270,1366,720
-250,375,1116,2271,1366,720
-250,375,1117,2271,1366,720
-250,375,1117,2271,1366,720
-250,375,1117,2271,1366,720
-250,375,1117,2271,1366,720
-250,375,1116,2271,1367,720
-125,375,1026,2062,1570,812
-125,375,1027,2062,1570,812
-125,375,1027,2062,1570,812
-125,375,1026,2062,1570,812
-125,375,1027,2061,1570,812
-125,375,1026,2062,1570,812
-125,375,1026,2062,1570,812
-125,375,1026,2062,1570,812
-125,375,1026,2062,1570,812
-125,375,1026,2061,1570,812
-125,375,1026,2062,1570,812
-125,375,1026,2061,1570,812
-125,375,1026,2062,1570,812
-125,375,1027,2062,1570,812
-125,375,1026,2062,1570,812
-125,375,1027,2062,1570,812
-125,375,1026,2062,1570,812
-125,375,1027,2062,1570,812
-125,375,1026,2062,1570,812
-125,375,1027,2062,1570,812
0,375,944,1868,1787,911
0,375,944,1868,1787,911
0,375,944,1867,1788,911
0,375,944,1868,1788,911
0,375,944,1868,1788,911
0,375,944,1868,1788,911
0,375,944,1868,1787,911
0,375,944,1868,1788,910
0,375,944,1868,1788,911
0,375,944,1867,1787,910
0,375,944,1868,1787,910
0,375,944,1868,1788,911
0,375,944,1868,1788,910
0,375,944,1868,1787,911
0,375,944,1868,1787,911
0,375,944,1868,1788,911
0,375,944,1868,1788,911
0,375,944,1867,1788,911
0,375,944,1868,1788,911
0,375,944,1868,1788,910
125,375,872,1692,2035,1025
125,375,872,1692,2036,1025
125,375,872,1692,2036,1025
125,375,872,1692,2036,1025
125,375,872,1692,2035,1025
125,375,872,1692,2036,1025
125,375,872,1692,2036,1025
125,375,872,1692,2036,1025
125,375,872,1692,2036,1025
125,375,872,1692,2036,1025
125,375,872,1692,2036,1025
125,375,872,1692,2036,1025
125,375,872,1692,2035,1025
125,375,872,1692,2036,1025
125,375,872,1693,2036,1025
125,375,872,1692,2035,1025
125,375,872,1692,2036,1025
125,375,872,1692,2036,1025
125,375,872,1692,2035,1025
125,375,872,1692,2036,1025
250,375,798,1515,2299,1149
250,375,798,1515,2300,1149
250,375,798,1515,2299,1149
250,375,798,1515,2299,1149
250,375,798,1515,2300,1149
250,375,798,1515,2300,1149
250,375,798,1515,2299,1149
250,375,798,1515,2300,1149
250,375,798,1514,2299,1149
250,375,798,1514,2299,1149
250,375,798,1515,2299,1149
250,375,798,1515,2299,1149
250,375,798,1515,2299,1149
250,375,798,1515,2299,1149
250,375,798,1515,2299,1149
250,375,798,1515,2299,1149
250,375,798,1515,2299,1148
250,375,798,1515,2299,1148
250,375,798,1515,2299,1149
250,375,798,1515,2300,1149
375,375,718,1328,2574,1278
375,375,719,1328,2574,1277
375,375,719,1328,2574,1277
375,375,719,1328,2574,1277
375,375,719,1328,2573,1278
375,375,718,1328,2574,1278
375,375,718,1328,2574,1278
375,375,718,1328,2573,1277
375,375,719,1328,2574,1278
375,375,718,1328,2574,1278
375,375,718,1328,2574,1277
375,375,718,1328,2574,1277
375,375,718,1328,2574,1278
375,375,718,1328,2573,1277
375,375,718,1328,2574,1277
375,375,718,1328,2574,1277
375,375,718,1328,2574,1277
375,375,718,1328,2574,1277
375,375,718,1328,2574,1277
375,375,718,1328,2574,1277
500,375,638,1141,2879,1418
500,375,637,1141,2879,1418
500,375,638,1141,2879,1419
500,375,638,1141,2878,1418
500,375,638,1141,2878,1418
500,375,638,1141,2878,1419
500,375,638,1141,2879,1419
500,375,638,1141,2879,1419
500,375,638,1140,2878,1419
500,375,638,1141,2878,1418
500,375,638,1141,2879,1418
500,375,637,1141,2879,1419
500,375,638,1141,2879,1418
500,375,637,1141,2879,1419
500,375,638,1141,2878,1419
500,375,638,1141,2878,1418
500,375,638,1141,2878,1419
500,375,637,1141,2879,1419
500,375,637,1141,2878,1419
500,375,638,1141,2879,1418
625,375,555,949,3214,1569
625,375,555,948,3213,1570
625,375,554,949,3214,1570
625,375,555,949,3214,1569
625,375,555,949,3214,1569
625,375,555,949,3214,1569
625,375,554,949,3214,1570
625,375,554,949,3214,1569
625,375,555,950,3214,1569
625,375,555,949,3214,1569
625,375,555,949,3214,1570
625,375,555,949,3214,1570
625,375,555,949,3214,1570
625,375,554,949,3214,1569
625,375,554,949,3214,1570
625,375,555,949,3214,1570
625,375,554,949,3214,1570
625,375,555,949,3214,1570
625,375,555,949,3214,1570
625,375,555,949,3214,1569
-625,500,1037,2892,744,359
-625,500,1037,2891,744,360
-625,500,1037,2892,744,360
-625,500,1037,2891,744,360
-625,500,1037,2892,745,360
-625,500,1037,2892,744,359
-625,500,1037,2892,744,359
-625,500,1037,2891,744,360
-625,500,1037,2892,744,360
-625,500,1037,2892,744,360
-625,500,1037,2892,745,360
-625,500,1037,2891,744,359
-625,500,1037,2891,744,360
-625,500,1037,2891,744,360
-625,500,1037,2891,744,360
-625,500,1037,2891,744,360
-625,500,1037,2892,744,360
-625,500,1037,2891,744,359
-625,500,1037,2891,744,360
-625,500,1037,2891,745,360
-500,500,1021,2799,994,448
-500,500,1020,2800,994,447
-500,500,1021,2800,993,447
-500,500,1021,2799,993,448
-500,500,1021,2800,994,448
-500,500,1020,2799,994,447
-500,500,1020,2800,994,447
-500,500,1021,2800,993,447
-500,500,1021,2799,993,448
-500,500,1021,2800,994,448
-500,500,1020,2800,994,447
-500,500,1021,2799,993,447
-500,500,1021,2799,993,448
-500,500,1021,2800,994,448
-500,500,1021,2799,993,448
-500,500,1021,2799,994,448
-500,500,1021,2800,994,447
-500,500,1021,2800,993,448
-500,500,1021,2799,994,448
-500,500,1021,2800,994,447
-375,500,983,2651,1243,535
-375,500,983,2652,1243,534
-375,500,983,2651,1242,534
-375,500,983,2652,1243,535
-375,500,984,2652,1242,535
-375,500,983,2652,1243,535
-375,500,983,2652,1243,535
-375,500,983,2652,1242,534
-375,500,983,2652,1242,535
-375,500,983,2652,1242,534
-375,500,983,2652,1243,535
-375,500,983,2652,1243,535
-375,500,983,2652,1242,535
-375,500,983,2652,1243,535
-375,500,983,2652,1243,535
-375,500,983,2652,1242,535
-375,500,983,2652,1242,535
-375,500,983,2652,1243,534
-375,500,983,2652,1242,534
-375,500,984,2652,1242,535
-250,500,931,2466,1486,619
-250,500,931,2467,1487,619
-250,500,931,2466,1486,619
-250,500,931,2467,1487,619
-250,500,931,2467,1487,619
-250,500,931,2466,1486,619
-250,500,931,2467,1487,619
-250,500,931,2466,1486,619
-250,500,931,2466,1486,619
-250,500,931,2466,1486,619
-250,500,931,2466,1486,619
-250,500,931,2467,1486,619
-250,500,931,2466,1487,619
-250,500,931,2467,1487,619
-250,500,931,2467,1486,619
-250,500,931,2466,1487,619
-250,500,931,2466,1486,619
-250,500,931,2466,1486,619
-250,500,931,2467,1486,619
-250,500,931,2467,1487,619
-125,500,869,2259,1726,700
-125,500,869,2260,1727,699
-125,500,869,2259,1726,700
-125,500,869,2260,1727,700
-125,500,869,2259,1726,700
-125,500,869,2259,1726,700
-125,500,869,2259,1726,700
-125,500,870,2259,1726,699
-125,500,869,2259,1726,700
-125,500,869,2259,1726,700
-125,500,869,2259,1726,700
-125,500,869,2260,1726,700
-125,500,869,2260,1726,700
-125,500,870,2260,1726,700
-125,500,870,2259,1726,700
-125,500,869,2259,1726,700
-125,500,869,2259,1726,700
-125,500,869,2259,1726,700
-125,500,869,2259,1726,699
-125,500,870,2259,1726,700
0,500,809,2057,1980,786
0,500,809,2057,1980,786
0,500,809,2057,1981,786
0,500,809,2057,1981,785
0,500,809,2058,1980,785
0,500,809,2057,1980,786
0,500,809,2057,1981,785
0,500,809,2057,1980,785
0,500,809,2057,1980,785
0,500,809,2057,1981,785
0,500,809,2057,1980,785
0,500,809,2057,1980,786
0,500,809,2057,1980,785
0,500,809,2057,1980,785
0,500,809,2057,1980,785
0,500,809,2057,1980,785
0,500,809,2057,1980,785
0,500,809,2057,1980,786
0,500,808,2057,1980,785
0,500,809,2057,1980,785
125,500,753,1866,2260,882
125,500,753,1866,2261,882
125,500,753,1866,2261,881
125,500,753,1866,2261,882
125,500,753,1866,2261,881
125,500,753,1866,2260,881
125,500,753,1866,2261,882
125,500,753,1866,2261,882
125,500,753,1866,2261,881
125,500,753,1866,2261,882
125,500,753,1866,2261,881
125,500,753,1866,2260,881
125,500,753,1866,2261,882
125,500,753,1866,2261,881
125,500,753,1866,2261,881
125,500,753,1866,2261,881
125,500,753,1866,2260,881
125,500,753,1866,2260,881
125,500,753,1866,2261,882
125,500,753,1866,2261,881
250,500,693,1666,2553,982
250,500,694,1666,2553,982
250,500,694,1666,2552,982
250,500,693,1665,2553,982
250,500,693,1666,2553,982
250,500,694,1666,2552,982
250,500,693,1666,2553,982
250,500,693,1666,2552,982
250,500,694,1665,2552,982
250,500,693,1666,2553,982
250,500,693,1666,2553,981
250,500,694,1666,2553,982
250,500,693,1665,2553,982
250,500,694,1666,2552,982
250,500,693,1665,2552,982
250,500,693,1666,2552,982
250,500,694,1666,2552,982
250,500,693,1665,2552,982
250,500,693,1666,2553,982
250,500,693,1666,2553,982
375,500,627,1453,2852,1084
375,500,627,1453,2851,1084
375,500,627,1453,2852,1084
375,500,627,1453,2852,1084
375,500,627,1453,2851,1084
375,500,627,1453,2851,1084
375,500,627,1453,2851,1083
375,500,627,1453,2851,1084
375,500,627,1453,2851,1084
375,500,627,1453,2851,1084
375,500,627,1453,2851,1084
375,500,627,1453,2852,1084
375,500,627,1453,2851,1084
375,500,627,1453,2851,1084
375,500,627,1453,2851,1084
375,500,627,1453,2851,1084
375,500,627,1453,2851,1084
375,500,627,1453,2851,1084
375,500,627,1453,2851,1084
375,500,627,1453,2852,1084
500,500,559,1238,3175,1193
500,500,558,1237,3176,1193
500,500,558,1238,3175,1193
500,500,558,1238,3176,1192
500,500,558,1237,3175,1192
500,500,558,1237,3176,1192
500,500,558,1238,3175,1193
500,500,558,1238,3176,1193
500,500,558,1238,3176,1192
500,500,559,1238,3175,1192
500,500,558,1237,3176,1193
500,500,558,1237,3175,1193
500,500,559,1237,3176,1193
500,500,558,1237,3176,1193
500,500,559,1238,3175,1192
500,500,558,1237,3175,1192
500,500,558,1237,3176,1193
500,500,558,1238,3175,1192
500,500,559,1238,3176,1193
500,500,558,1238,3176,1193
625,500,486,1013,3349,1305
625,500,486,1013,3349,1305
625,500,486,1014,3349,1304
625,500,485,1013,3349,1305
625,500,486,1014,3348,1304
625,500,486,1013,3349,1305
625,500,486,1013,3348,1305
625,500,486,1013,3349,1305
625,500,486,1014,3349,1305
625,500,486,1013,3349,1305
625,500,486,1014,3348,1305
625,500,486,1014,3348,1305
625,500,486,1014,3349,1305
625,500,486,1013,3348,1305
625,500,486,1013,3348,1305
625,500,486,1014,3349,1305
625,500,486,1014,3349,1305
625,500,486,1013,3348,1305
625,500,486,1014,3349,1305
625,500,486,1014,3349,1305
-625,625,779,2993,766,298
-625,625,779,2993,766,298
-625,625,779,2992,766,298
-625,625,779,2993,766,298
-625,625,778,2992,766,297
-625,625,779,2993,766,298
-625,625,779,2992,765,298
-625,625,779,2993,766,297
-625,625,779,2993,766,298
-625,625,779,2993,766,298
-625,625,779,2992,766,298
-625,625,779,2993,766,298
-625,625,779,2993,766,298
-625,625,779,2993,766,298
-625,625,779,2992,766,298
-625,625,779,2993,766,298
-625,625,779,2993,766,298
-625,625,779,2993,766,298
-625,625,779,2992,766,298
-625,625,779,2993,766,298
-500,625,777,2928,1035,369
-500,625,777,2929,1035,368
-500,625,777,2928,1035,368
-500,625,777,2928,1035,368
-500,625,778,2929,1035,368
-500,625,777,2928,1035,368
-500,625,777,2928,1035,369
-500,625,777,2929,1035,368
-500,625,778,2929,1035,368
-500,625,778,2928,1035,368
-500,625,778,2928,1035,368
-500,625,777,2928,1035,369
-500,625,777,2928,1035,368
-500,625,777,2929,1035,368
-500,625,777,2928,1035,368
-500,625,777,2928,1035,368
-500,625,777,2928,1035,368
-500,625,777,2928,1035,368
-500,625,777,2929,1035,368
-500,625,778,2928,1035,368
-375,625,761,2804,1312,439
-375,625,761,2804,1312,439
-375,625,761,2804,1311,439
-375,625,761,2804,1311,439
-375,625,761,2803,1311,439
-375,625,761,2803,1311,439
-375,625,762,2804,1312,439
-375,625,761,2804,1312,439
-375,625,762,2803,1312,439
-375,625,761,2804,1312,439
-375,625,761,2804,1311,439
-375,625,761,2803,1311,438
-375,625,761,2803,1311,439
-375,625,761,2803,1311,439
-375,625,761,2803,1311,439
-375,625,761,2803,1311,439
-375,625,761,2804,1312,439
-375,625,761,2803,1311,439
-375,625,761,2803,1311,439
-375,625,761,2804,1311,439
-250,625,733,2629,1585,507
-250,625,733,2629,1586,507
-250,625,732,2629,1586,508
-250,625,733,2628,1586,508
-250,625,732,2629,1586,508
-250,625,732,2629,1586,508
-250,625,733,2629,1586,507
-250,625,733,2629,1586,508
-250,625,733,2629,1586,508
-250,625,732,2629,1586,508
-250,625,733,2629,1586,508
-250,625,733,2629,1586,507
-250,625,733,2629,1585,507
-250,625,732,2628,1586,508
-250,625,732,2629,1586,507
-250,625,732,2629,1586,507
-250,625,733,2629,1586,507
-250,625,733,2629,1586,507
-250,625,733,2629,1585,508
-250,625,733,2629,1586,508
-125,625,697,2430,1863,575
-125,625,697,2430,1862,575
-125,625,697,2430,1862,575
-125,625,697,2430,1862,575
-125,625,697,2430,1862,575
-125,625,697,2430,1862,575
-125,625,697,2430,1862,574
-125,625,697,2430,1862,575
-125,625,697,2430,1862,575
-125,625,697,2430,1862,575
-125,625,697,2429,1862,575
-125,625,697,2429,1861,574
-125,625,697,2430,1862,574
-125,625,697,2429,1862,574
-125,625,697,2429,1862,575
-125,625,697,2429,1862,575
-125,625,697,2429,1862,574
-125,625,697,2429,1862,574
-125,625,697,2429,1862,574
-125,625,697,2429,1862,574
0,625,659,2225,2154,644
0,625,659,2224,2154,645
0,625,659,2225,2154,645
0,625,659,2224,2154,644
0,625,659,2224,2154,644
0,625,659,2224,2154,644
0,625,659,2224,2154,644
0,625,658,2225,2154,644
0,625,658,2224,2154,644
0,625,659,2225,2154,645
0,625,659,2224,2154,644
0,625,659,2224,2154,644
0,625,659,2224,2154,644
0,625,659,2224,2154,644
0,625,659,2224,2154,644
0,625,659,2224,2154,644
0,625,659,2224,2154,644
0,625,659,2224,2154,644
0,625,658,2224,2154,644
0,625,658,2224,2154,644
125,625,621,2022,2474,722
125,625,622,2021,2474,721
125,625,622,2022,2474,722
125,625,622,2022,2474,722
125,625,621,2022,2474,722
125,625,622,2022,2474,722
125,625,622,2022,2474,722
125,625,622,2022,2474,722
125,625,622,2022,2475,722
125,625,621,2022,2474,722
125,625,622,2022,2474,722
125,625,622,2022,2474,722
125,625,622,2022,2474,722
125,625,622,2022,2474,722
125,625,621,2022,2474,722
125,625,621,2022,2475,722
125,625,622,2022,2474,722
125,625,622,2021,2474,722
125,625,622,2022,2474,722
125,625,622,2022,2475,722
250,625,578,1802,2797,799
250,625,578,1801,2797,799
250,625,578,1802,2796,799
250,625,578,1801,2796,799
250,625,578,1802,2797,799
250,625,578,1802,2797,799
250,625,578,1802,2797,799
250,625,579,1802,2796,799
250,625,578,1802,2797,800
250,625,579,1802,2797,799
250,625,578,1802,2797,799
250,625,578,1801,2797,800
250,625,578,1802,2797,799
250,625,578,1801,2797,800
250,625,579,1802,2797,800
250,625,579,1802,2797,800
250,625,578,1802,2797,800
250,625,578,1802,2797,799
250,625,578,1802,2797,799
250,625,579,1802,2797,800
375,625,526,1563,3116,873
375,625,526,1563,3116,873
375,625,526,1563,3116,873
375,625,526,1563,3116,872
375,625,526,1563,3116,873
375,625,526,1563,3116,873
375,625,526,1563,3116,873
375,625,526,1563,3116,873
375,625,526,1563,3116,873
375,625,526,1564,3116,873
375,625,526,1563,3116,873
375,625,525,1563,3116,873
375,625,526,1563,3115,873
375,625,525,1563,3117,873
375,625,526,1564,3116,873
375,625,526,1563,3116,873
375,625,526,1563,3116,873
375,625,526,1564,3116,873
375,625,526,1563,3115,873
375,625,526,1563,3116,873
500,625,469,1315,3349,946
500,625,468,1315,3349,946
500,625,468,1315,3349,946
500,625,469,1314,3349,947
500,625,468,1315,3349,946
500,625,469,1315,3349,947
500,625,468,1314,3349,946
500,625,468,1315,3349,947
500,625,469,1315,3349,946
500,625,468,1314,3349,946
500,625,468,1314,3349,946
500,625,468,1315,3349,946
500,625,469,1315,3349,946
500,625,468,1315,3349,947
500,625,469,1315,3349,946
500,625,469,1315,3349,946
500,625,468,1315,3349,946
500,625,469,1315,3349,946
500,625,468,1314,3349,946
500,625,468,1315,3349,946
625,625,407,1057,3348,1018
625,625,407,1057,3348,1018
625,625,408,1057,3349,1019
625,625,407,1057,3348,1018
625,625,407,1057,3348,1018
625,625,407,1058,3348,1018
625,625,408,1058,3348,1018
625,625,407,1057,3348,1019
625,625,406,1057,3348,1018
625,625,407,1057,3348,1018
625,625,407,1057,3348,1018
625,625,406,1057,3348,1018
625,625,407,1057,3348,1018
625,625,407,1057,3348,1018
625,625,407,1057,3348,1018
625,625,407,1057,3348,1018
625,625,407,1058,3348,1019
625,625,407,1057,3348,1018
625,625,407,1057,3348,1018
625,625,406,1057,3349,1019
