#XYS200,DPSD2018,COEF,11,11,125,20,1000,0.815271193585949,0.00000
#2019/12/12 13:35:12
#E-defense2019-実験後
LEDNo11,　横付け
3841mm
#Xtrue,Ytrue,V1,V2,V3,V4
-625,-625,3205,1387,586,1150
-625,-625,3205,1387,586,1149
-625,-625,3205,1387,586,1149
-625,-625,3205,1387,586,1150
-625,-625,3205,1387,586,1149
-625,-625,3205,1387,586,1149
-625,-625,3205,1387,586,1149
-625,-625,3205,1387,586,1150
-625,-625,3205,1387,587,1149
-625,-625,3205,1387,586,1149
-625,-625,3205,1387,586,1149
-625,-625,3205,1387,586,1149
-625,-625,3205,1387,587,1149
-625,-625,3205,1388,586,1150
-625,-625,3205,1388,586,1150
-625,-625,3205,1387,586,1149
-625,-625,3205,1387,586,1150
-625,-625,3205,1387,586,1149
-625,-625,3205,1388,587,1149
-625,-625,3205,1387,586,1149
-500,-625,2980,1294,642,1300
-500,-625,2980,1294,641,1301
-500,-625,2980,1294,642,1300
-500,-625,2981,1294,641,1300
-500,-625,2981,1294,642,1300
-500,-625,2980,1294,642,1300
-500,-625,2980,1295,642,1300
-500,-625,2980,1294,642,1300
-500,-625,2981,1294,642,1300
-500,-625,2980,1294,642,1300
-500,-625,2980,1294,642,1300
-500,-625,2980,1294,642,1300
-500,-625,2981,1294,642,1300
-500,-625,2980,1294,642,1300
-500,-625,2980,1294,642,1300
-500,-625,2980,1294,641,1300
-500,-625,2980,1294,642,1300
-500,-625,2980,1294,642,1300
-500,-625,2980,1294,642,1300
-500,-625,2980,1294,642,1300
-375,-625,2761,1203,695,1446
-375,-625,2760,1203,695,1447
-375,-625,2760,1204,695,1447
-375,-625,2761,1203,695,1446
-375,-625,2761,1203,695,1446
-375,-625,2761,1203,695,1447
-375,-625,2760,1204,694,1447
-375,-625,2760,1203,695,1447
-375,-625,2761,1204,695,1446
-375,-625,2761,1204,695,1447
-375,-625,2760,1203,695,1447
-375,-625,2761,1204,695,1446
-375,-625,2761,1203,695,1447
-375,-625,2761,1204,695,1447
-375,-625,2761,1203,695,1446
-375,-625,2761,1203,695,1447
-375,-625,2761,1203,695,1447
-375,-625,2761,1204,694,1446
-375,-625,2761,1203,695,1447
-375,-625,2761,1203,695,1447
-250,-625,2546,1115,745,1587
-250,-625,2546,1115,745,1587
-250,-625,2546,1115,745,1586
-250,-625,2546,1115,745,1587
-250,-625,2546,1115,745,1587
-250,-625,2546,1115,745,1587
-250,-625,2546,1115,745,1587
-250,-625,2546,1115,745,1587
-250,-625,2546,1115,745,1587
-250,-625,2546,1115,745,1587
-250,-625,2546,1115,745,1587
-250,-625,2546,1115,745,1587
-250,-625,2546,1115,745,1587
-250,-625,2546,1115,745,1587
-250,-625,2546,1115,746,1587
-250,-625,2546,1115,745,1587
-250,-625,2546,1115,745,1587
-250,-625,2546,1115,745,1587
-250,-625,2546,1115,745,1587
-250,-625,2546,1115,745,1587
-125,-625,2330,1027,790,1716
-125,-625,2330,1027,791,1716
-125,-625,2330,1028,791,1715
-125,-625,2330,1028,790,1715
-125,-625,2330,1027,791,1716
-125,-625,2329,1028,791,1716
-125,-625,2330,1028,791,1716
-125,-625,2330,1028,791,1716
-125,-625,2329,1028,790,1716
-125,-625,2329,1028,790,1717
-125,-625,2330,1028,791,1715
-125,-625,2330,1027,790,1716
-125,-625,2330,1028,791,1715
-125,-625,2330,1028,791,1716
-125,-625,2330,1028,791,1716
-125,-625,2330,1027,791,1716
-125,-625,2330,1028,791,1715
-125,-625,2330,1028,791,1716
-125,-625,2330,1027,791,1716
-125,-625,2330,1027,791,1716
0,-625,2118,943,833,1838
0,-625,2118,943,833,1837
0,-625,2118,943,833,1838
0,-625,2118,943,833,1837
0,-625,2118,943,833,1837
0,-625,2119,943,833,1837
0,-625,2118,943,834,1837
0,-625,2118,943,833,1837
0,-625,2118,943,834,1837
0,-625,2118,943,833,1837
0,-625,2118,943,833,1837
0,-625,2118,943,833,1838
0,-625,2118,943,833,1837
0,-625,2118,943,833,1837
0,-625,2118,943,833,1837
0,-625,2118,944,833,1837
0,-625,2118,943,833,1838
0,-625,2118,943,834,1838
0,-625,2118,943,833,1838
0,-625,2118,944,833,1837
125,-625,1909,860,870,1946
125,-625,1909,859,870,1946
125,-625,1909,859,870,1946
125,-625,1910,860,870,1946
125,-625,1909,859,870,1946
125,-625,1909,860,870,1946
125,-625,1909,860,870,1946
125,-625,1909,860,870,1946
125,-625,1909,860,870,1946
125,-625,1909,860,870,1946
125,-625,1910,860,870,1946
125,-625,1909,860,870,1946
125,-625,1910,860,870,1946
125,-625,1909,860,870,1946
125,-625,1909,860,870,1946
125,-625,1910,860,870,1946
125,-625,1909,859,870,1946
125,-625,1909,859,870,1945
125,-625,1909,860,870,1946
125,-625,1910,860,870,1946
250,-625,1708,779,904,2045
250,-625,1708,779,903,2045
250,-625,1708,780,903,2045
250,-625,1708,780,903,2045
250,-625,1707,780,903,2045
250,-625,1707,780,904,2045
250,-625,1708,780,904,2045
250,-625,1708,780,904,2045
250,-625,1708,780,904,2045
250,-625,1708,780,904,2045
250,-625,1708,780,904,2045
250,-625,1708,780,903,2045
250,-625,1708,780,904,2045
250,-625,1708,780,904,2045
250,-625,1708,779,904,2045
250,-625,1708,779,904,2045
250,-625,1708,779,904,2045
250,-625,1708,780,903,2045
250,-625,1708,780,903,2046
250,-625,1708,780,904,2045
375,-625,1506,699,928,2122
375,-625,1506,699,928,2122
375,-625,1506,699,928,2122
375,-625,1506,699,928,2122
375,-625,1507,698,928,2122
375,-625,1506,698,929,2122
375,-625,1506,699,929,2122
375,-625,1506,698,928,2121
375,-625,1506,698,928,2122
375,-625,1506,699,928,2122
375,-625,1506,698,928,2122
375,-625,1506,699,929,2121
375,-625,1506,699,928,2122
375,-625,1506,698,929,2122
375,-625,1506,698,929,2122
375,-625,1507,699,928,2122
375,-625,1506,699,928,2122
375,-625,1507,698,929,2122
375,-625,1507,698,929,2122
375,-625,1507,698,928,2121
500,-625,1307,617,942,2175
500,-625,1307,617,943,2175
500,-625,1307,617,943,2175
500,-625,1308,617,943,2175
500,-625,1307,617,943,2175
500,-625,1307,617,942,2175
500,-625,1307,617,942,2175
500,-625,1307,617,943,2175
500,-625,1307,617,943,2175
500,-625,1308,617,943,2175
500,-625,1307,617,943,2175
500,-625,1308,617,942,2175
500,-625,1307,617,943,2175
500,-625,1307,617,943,2174
500,-625,1307,617,942,2175
500,-625,1307,617,942,2175
500,-625,1307,617,943,2175
500,-625,1307,617,943,2175
500,-625,1307,618,943,2174
500,-625,1308,617,943,2175
625,-625,1131,545,963,2240
625,-625,1132,546,963,2240
625,-625,1132,546,963,2240
625,-625,1132,546,963,2240
625,-625,1132,546,963,2240
625,-625,1132,546,963,2240
625,-625,1132,545,964,2240
625,-625,1132,546,963,2240
625,-625,1132,545,963,2240
625,-625,1131,545,963,2240
625,-625,1132,546,963,2240
625,-625,1132,546,963,2241
625,-625,1132,545,964,2240
625,-625,1132,545,963,2240
625,-625,1132,546,963,2240
625,-625,1132,546,963,2240
625,-625,1132,545,963,2240
625,-625,1132,545,963,2240
625,-625,1131,546,963,2240
625,-625,1132,546,963,2240
-625,-500,3036,1582,653,1106
-625,-500,3036,1581,653,1107
-625,-500,3036,1581,653,1106
-625,-500,3037,1581,653,1107
-625,-500,3036,1582,653,1107
-625,-500,3036,1581,653,1106
-625,-500,3036,1581,653,1106
-625,-500,3036,1581,653,1107
-625,-500,3036,1582,653,1107
-625,-500,3036,1581,653,1106
-625,-500,3036,1581,653,1107
-625,-500,3036,1581,653,1106
-625,-500,3036,1581,653,1107
-625,-500,3036,1581,653,1107
-625,-500,3036,1582,653,1106
-625,-500,3036,1581,653,1107
-625,-500,3036,1581,653,1107
-625,-500,3036,1581,653,1106
-625,-500,3036,1581,653,1107
-625,-500,3036,1581,653,1106
-500,-500,2813,1467,714,1243
-500,-500,2812,1468,714,1243
-500,-500,2813,1468,715,1243
-500,-500,2813,1467,714,1243
-500,-500,2813,1468,714,1243
-500,-500,2813,1467,714,1243
-500,-500,2813,1468,714,1243
-500,-500,2813,1468,714,1243
-500,-500,2813,1467,714,1243
-500,-500,2813,1468,714,1243
-500,-500,2813,1468,714,1243
-500,-500,2813,1468,714,1243
-500,-500,2813,1468,714,1242
-500,-500,2813,1467,714,1243
-500,-500,2813,1468,714,1243
-500,-500,2813,1468,714,1243
-500,-500,2813,1467,714,1243
-500,-500,2813,1468,714,1243
-500,-500,2814,1468,714,1243
-500,-500,2813,1468,714,1243
-375,-500,2601,1360,774,1377
-375,-500,2601,1360,774,1377
-375,-500,2601,1359,774,1378
-375,-500,2602,1359,774,1378
-375,-500,2601,1359,774,1377
-375,-500,2602,1359,774,1377
-375,-500,2602,1359,774,1377
-375,-500,2602,1359,774,1377
-375,-500,2601,1359,774,1377
-375,-500,2601,1359,774,1377
-375,-500,2601,1359,774,1377
-375,-500,2601,1359,773,1377
-375,-500,2602,1359,774,1377
-375,-500,2601,1359,774,1377
-375,-500,2601,1359,774,1377
-375,-500,2602,1359,773,1377
-375,-500,2601,1359,774,1377
-375,-500,2601,1359,774,1377
-375,-500,2601,1359,774,1377
-375,-500,2601,1359,774,1377
-250,-500,2397,1256,832,1507
-250,-500,2397,1256,832,1507
-250,-500,2398,1256,832,1506
-250,-500,2397,1256,832,1507
-250,-500,2397,1255,832,1507
-250,-500,2398,1256,832,1506
-250,-500,2397,1256,832,1507
-250,-500,2397,1256,832,1506
-250,-500,2397,1256,831,1507
-250,-500,2397,1256,831,1507
-250,-500,2398,1256,831,1506
-250,-500,2397,1256,832,1507
-250,-500,2397,1256,832,1506
-250,-500,2397,1256,831,1507
-250,-500,2397,1256,832,1507
-250,-500,2397,1256,832,1506
-250,-500,2397,1256,832,1507
-250,-500,2397,1256,832,1507
-250,-500,2397,1256,832,1507
-250,-500,2397,1256,832,1507
-125,-500,2199,1157,887,1631
-125,-500,2199,1157,887,1631
-125,-500,2199,1158,887,1632
-125,-500,2199,1157,887,1631
-125,-500,2199,1157,887,1631
-125,-500,2199,1158,887,1631
-125,-500,2199,1157,887,1631
-125,-500,2199,1157,888,1632
-125,-500,2199,1157,887,1631
-125,-500,2199,1157,887,1631
-125,-500,2199,1157,887,1631
-125,-500,2199,1157,887,1632
-125,-500,2199,1157,887,1631
-125,-500,2199,1157,888,1631
-125,-500,2199,1157,887,1632
-125,-500,2199,1157,887,1632
-125,-500,2199,1157,887,1631
-125,-500,2199,1157,887,1631
-125,-500,2199,1157,887,1631
-125,-500,2199,1158,887,1631
0,-500,2001,1061,938,1746
0,-500,2001,1060,938,1745
0,-500,2001,1061,938,1746
0,-500,2001,1060,938,1745
0,-500,2001,1060,938,1746
0,-500,2001,1060,938,1745
0,-500,2001,1061,937,1746
0,-500,2001,1060,938,1746
0,-500,2001,1061,937,1745
0,-500,2001,1060,938,1746
0,-500,2001,1060,938,1745
0,-500,2001,1060,937,1746
0,-500,2001,1060,938,1746
0,-500,2001,1060,938,1746
0,-500,2001,1060,937,1746
0,-500,2001,1060,937,1746
0,-500,2001,1060,938,1745
0,-500,2001,1060,937,1746
0,-500,2001,1060,938,1746
0,-500,2001,1060,937,1745
125,-500,1806,965,982,1847
125,-500,1805,966,982,1848
125,-500,1805,966,982,1847
125,-500,1805,965,982,1848
125,-500,1805,965,982,1847
125,-500,1805,966,982,1847
125,-500,1805,966,982,1848
125,-500,1805,965,982,1848
125,-500,1805,965,982,1847
125,-500,1806,965,982,1847
125,-500,1806,966,982,1847
125,-500,1805,966,982,1847
125,-500,1805,965,982,1848
125,-500,1805,966,982,1847
125,-500,1805,966,982,1847
125,-500,1805,965,982,1847
125,-500,1806,965,982,1847
125,-500,1805,965,982,1848
125,-500,1805,965,982,1847
125,-500,1806,965,982,1847
250,-500,1612,871,1019,1935
250,-500,1612,871,1019,1935
250,-500,1612,871,1019,1934
250,-500,1611,871,1020,1934
250,-500,1612,871,1020,1935
250,-500,1612,871,1019,1935
250,-500,1612,871,1019,1935
250,-500,1612,871,1019,1934
250,-500,1612,871,1019,1935
250,-500,1612,871,1019,1935
250,-500,1611,871,1019,1935
250,-500,1611,871,1019,1935
250,-500,1612,871,1020,1934
250,-500,1611,871,1019,1935
250,-500,1612,871,1019,1935
250,-500,1612,871,1019,1935
250,-500,1611,871,1019,1935
250,-500,1611,871,1019,1935
250,-500,1611,871,1019,1935
250,-500,1611,871,1019,1935
375,-500,1421,777,1048,2004
375,-500,1421,777,1048,2004
375,-500,1421,777,1047,2004
375,-500,1421,777,1047,2004
375,-500,1421,777,1048,2004
375,-500,1422,777,1047,2004
375,-500,1421,777,1048,2004
375,-500,1421,777,1047,2004
375,-500,1421,777,1048,2004
375,-500,1421,777,1047,2004
375,-500,1421,777,1047,2004
375,-500,1421,777,1048,2004
375,-500,1421,778,1048,2004
375,-500,1421,777,1047,2004
375,-500,1421,777,1048,2004
375,-500,1421,777,1047,2004
375,-500,1421,777,1047,2004
375,-500,1421,778,1047,2004
375,-500,1421,777,1047,2004
375,-500,1421,777,1047,2004
500,-500,1233,683,1065,2050
500,-500,1233,684,1065,2050
500,-500,1233,683,1065,2049
500,-500,1233,684,1065,2050
500,-500,1232,683,1065,2050
500,-500,1233,684,1065,2050
500,-500,1233,683,1065,2050
500,-500,1233,683,1065,2050
500,-500,1233,684,1065,2050
500,-500,1232,684,1065,2050
500,-500,1232,684,1065,2050
500,-500,1232,684,1065,2050
500,-500,1232,684,1065,2050
500,-500,1233,684,1065,2050
500,-500,1232,684,1065,2050
500,-500,1232,684,1065,2050
500,-500,1232,684,1065,2050
500,-500,1232,684,1065,2050
500,-500,1232,684,1065,2050
500,-500,1233,684,1065,2050
625,-500,1065,600,1088,2107
625,-500,1065,601,1088,2107
625,-500,1065,600,1088,2107
625,-500,1064,600,1088,2107
625,-500,1065,600,1087,2107
625,-500,1065,600,1088,2107
625,-500,1065,600,1088,2107
625,-500,1065,601,1087,2107
625,-500,1065,600,1088,2107
625,-500,1065,600,1088,2107
625,-500,1065,600,1088,2107
625,-500,1065,600,1088,2108
625,-500,1065,600,1088,2107
625,-500,1065,600,1088,2107
625,-500,1065,600,1088,2108
625,-500,1065,601,1088,2107
625,-500,1065,601,1088,2108
625,-500,1065,601,1088,2107
625,-500,1065,601,1088,2107
625,-500,1065,600,1088,2108
-625,-375,2849,1770,718,1058
-625,-375,2849,1770,718,1057
-625,-375,2849,1770,718,1058
-625,-375,2849,1770,718,1057
-625,-375,2849,1770,718,1058
-625,-375,2849,1770,718,1058
-625,-375,2849,1770,718,1058
-625,-375,2849,1770,718,1058
-625,-375,2849,1770,718,1058
-625,-375,2849,1770,718,1058
-625,-375,2849,1770,718,1058
-625,-375,2849,1770,718,1058
-625,-375,2849,1770,718,1057
-625,-375,2849,1770,718,1058
-625,-375,2849,1770,718,1058
-625,-375,2849,1770,718,1058
-625,-375,2849,1770,718,1058
-625,-375,2849,1770,718,1058
-625,-375,2849,1770,718,1058
-625,-375,2849,1770,718,1058
-500,-375,2637,1639,787,1183
-500,-375,2637,1639,787,1183
-500,-375,2638,1639,787,1183
-500,-375,2637,1639,787,1183
-500,-375,2637,1639,787,1183
-500,-375,2637,1639,787,1183
-500,-375,2637,1638,787,1183
-500,-375,2637,1639,787,1183
-500,-375,2637,1639,787,1183
-500,-375,2637,1639,787,1183
-500,-375,2637,1639,787,1183
-500,-375,2637,1639,787,1183
-500,-375,2637,1638,787,1183
-500,-375,2637,1639,787,1183
-500,-375,2637,1639,787,1183
-500,-375,2637,1639,787,1183
-500,-375,2637,1638,787,1182
-500,-375,2637,1639,787,1183
-500,-375,2637,1638,787,1182
-500,-375,2636,1639,786,1183
-375,-375,2436,1514,853,1304
-375,-375,2436,1514,854,1304
-375,-375,2436,1514,854,1304
-375,-375,2436,1514,854,1304
-375,-375,2436,1514,853,1304
-375,-375,2436,1514,853,1304
-375,-375,2436,1514,853,1305
-375,-375,2436,1514,853,1304
-375,-375,2436,1514,853,1304
-375,-375,2436,1514,853,1304
-375,-375,2436,1514,853,1304
-375,-375,2436,1514,853,1304
-375,-375,2436,1514,853,1304
-375,-375,2436,1514,853,1304
-375,-375,2436,1514,853,1304
-375,-375,2436,1514,853,1304
-375,-375,2436,1514,853,1304
-375,-375,2436,1514,853,1304
-375,-375,2436,1514,853,1304
-375,-375,2436,1514,853,1303
-250,-375,2246,1397,920,1426
-250,-375,2247,1398,920,1425
-250,-375,2247,1398,920,1425
-250,-375,2246,1397,920,1425
-250,-375,2246,1397,920,1425
-250,-375,2246,1398,920,1426
-250,-375,2246,1397,920,1425
-250,-375,2246,1398,919,1425
-250,-375,2247,1397,920,1425
-250,-375,2247,1398,920,1425
-250,-375,2246,1397,920,1425
-250,-375,2246,1397,920,1425
-250,-375,2246,1398,920,1425
-250,-375,2246,1397,920,1426
-250,-375,2247,1397,920,1425
-250,-375,2246,1398,920,1425
-250,-375,2247,1397,920,1426
-250,-375,2246,1397,920,1425
-250,-375,2247,1397,920,1425
-250,-375,2247,1397,920,1425
-125,-375,2064,1288,986,1544
-125,-375,2064,1287,986,1543
-125,-375,2064,1287,985,1544
-125,-375,2064,1287,985,1543
-125,-375,2064,1287,986,1544
-125,-375,2064,1287,985,1544
-125,-375,2064,1287,985,1544
-125,-375,2064,1287,986,1544
-125,-375,2064,1288,985,1544
-125,-375,2064,1287,985,1544
-125,-375,2064,1287,985,1544
-125,-375,2064,1287,985,1544
-125,-375,2064,1287,985,1544
-125,-375,2064,1287,986,1544
-125,-375,2063,1287,985,1543
-125,-375,2064,1287,985,1544
-125,-375,2064,1287,985,1544
-125,-375,2064,1287,985,1544
-125,-375,2064,1287,985,1544
-125,-375,2064,1288,985,1543
0,-375,1880,1178,1043,1651
0,-375,1880,1178,1044,1651
0,-375,1880,1178,1044,1651
0,-375,1880,1178,1044,1651
0,-375,1880,1178,1044,1651
0,-375,1880,1178,1043,1651
0,-375,1880,1178,1043,1651
0,-375,1880,1178,1043,1651
0,-375,1880,1178,1043,1650
0,-375,1880,1178,1044,1651
0,-375,1880,1177,1043,1651
0,-375,1880,1178,1043,1651
0,-375,1880,1178,1043,1651
0,-375,1880,1178,1043,1650
0,-375,1880,1178,1043,1651
0,-375,1880,1178,1043,1651
0,-375,1880,1178,1043,1651
0,-375,1880,1178,1043,1651
0,-375,1880,1178,1043,1650
0,-375,1880,1178,1043,1651
125,-375,1697,1070,1095,1744
125,-375,1697,1070,1094,1743
125,-375,1697,1070,1094,1743
125,-375,1697,1070,1094,1743
125,-375,1697,1070,1095,1743
125,-375,1697,1070,1094,1744
125,-375,1697,1070,1094,1743
125,-375,1697,1070,1094,1744
125,-375,1697,1070,1094,1743
125,-375,1697,1070,1094,1744
125,-375,1696,1070,1094,1743
125,-375,1696,1070,1094,1743
125,-375,1697,1070,1094,1743
125,-375,1696,1070,1094,1743
125,-375,1697,1070,1094,1743
125,-375,1697,1070,1094,1743
125,-375,1697,1070,1094,1743
125,-375,1697,1070,1094,1743
125,-375,1697,1070,1094,1743
125,-375,1697,1070,1094,1743
250,-375,1517,964,1138,1825
250,-375,1517,964,1138,1825
250,-375,1517,964,1138,1824
250,-375,1516,964,1138,1824
250,-375,1517,964,1138,1824
250,-375,1517,964,1139,1825
250,-375,1517,964,1138,1825
250,-375,1518,964,1138,1825
250,-375,1517,964,1138,1825
250,-375,1517,964,1138,1825
250,-375,1517,964,1138,1825
250,-375,1517,964,1138,1825
250,-375,1517,964,1138,1825
250,-375,1517,964,1138,1825
250,-375,1517,964,1138,1825
250,-375,1517,964,1139,1825
250,-375,1517,964,1139,1825
250,-375,1517,964,1138,1825
250,-375,1517,964,1138,1825
250,-375,1517,964,1139,1825
375,-375,1342,861,1176,1896
375,-375,1343,861,1176,1896
375,-375,1342,861,1177,1896
375,-375,1343,861,1177,1896
375,-375,1342,861,1177,1896
375,-375,1342,861,1176,1896
375,-375,1342,861,1177,1896
375,-375,1342,861,1177,1896
375,-375,1343,861,1177,1896
375,-375,1342,860,1177,1896
375,-375,1343,861,1177,1896
375,-375,1342,861,1177,1896
375,-375,1342,861,1177,1897
375,-375,1342,861,1177,1897
375,-375,1342,861,1177,1896
375,-375,1342,861,1177,1896
375,-375,1342,861,1176,1896
375,-375,1342,861,1177,1896
375,-375,1342,861,1177,1896
375,-375,1342,861,1176,1896
500,-375,1173,760,1205,1952
500,-375,1173,760,1206,1952
500,-375,1173,760,1205,1952
500,-375,1173,760,1206,1952
500,-375,1173,760,1205,1951
500,-375,1173,760,1206,1952
500,-375,1172,760,1206,1952
500,-375,1173,760,1206,1951
500,-375,1172,760,1205,1952
500,-375,1172,760,1206,1952
500,-375,1173,760,1205,1952
500,-375,1173,760,1205,1952
500,-375,1172,760,1206,1951
500,-375,1172,760,1205,1952
500,-375,1173,760,1205,1952
500,-375,1173,760,1205,1952
500,-375,1173,759,1205,1951
500,-375,1173,760,1206,1952
500,-375,1173,760,1205,1951
500,-375,1173,760,1205,1951
625,-375,1018,667,1234,2008
625,-375,1018,667,1234,2008
625,-375,1018,667,1234,2008
625,-375,1018,667,1234,2008
625,-375,1018,667,1233,2008
625,-375,1018,666,1234,2008
625,-375,1018,667,1234,2008
625,-375,1018,667,1233,2008
625,-375,1018,666,1234,2008
625,-375,1018,667,1234,2008
625,-375,1018,667,1234,2008
625,-375,1018,667,1233,2008
625,-375,1018,667,1233,2008
625,-375,1018,667,1233,2009
625,-375,1018,667,1234,2008
625,-375,1018,667,1233,2008
625,-375,1018,667,1234,2009
625,-375,1018,666,1234,2008
625,-375,1018,666,1234,2009
625,-375,1017,667,1233,2008
-625,-250,2649,1949,776,999
-625,-250,2649,1949,776,998
-625,-250,2649,1948,776,999
-625,-250,2648,1948,776,999
-625,-250,2649,1949,776,999
-625,-250,2649,1949,776,999
-625,-250,2649,1949,776,999
-625,-250,2648,1949,776,999
-625,-250,2649,1948,776,999
-625,-250,2649,1949,776,999
-625,-250,2649,1949,776,999
-625,-250,2648,1949,776,999
-625,-250,2648,1949,776,999
-625,-250,2649,1948,776,998
-625,-250,2649,1949,776,999
-625,-250,2649,1949,776,999
-625,-250,2648,1949,776,999
-625,-250,2649,1948,776,998
-625,-250,2649,1948,776,998
-625,-250,2649,1948,777,998
-500,-250,2447,1798,851,1110
-500,-250,2447,1798,851,1110
-500,-250,2447,1799,851,1111
-500,-250,2447,1798,851,1110
-500,-250,2447,1799,851,1110
-500,-250,2447,1798,851,1110
-500,-250,2447,1798,851,1110
-500,-250,2446,1798,851,1110
-500,-250,2446,1798,851,1110
-500,-250,2447,1798,851,1110
-500,-250,2447,1798,851,1110
-500,-250,2446,1798,851,1110
-500,-250,2447,1798,851,1110
-500,-250,2446,1798,851,1110
-500,-250,2447,1798,851,1110
-500,-250,2447,1798,851,1110
-500,-250,2446,1798,851,1110
-500,-250,2447,1799,851,1110
-500,-250,2446,1798,851,1110
-500,-250,2446,1798,851,1109
-375,-250,2259,1659,926,1221
-375,-250,2260,1659,926,1221
-375,-250,2260,1659,925,1221
-375,-250,2259,1659,925,1221
-375,-250,2259,1659,925,1221
-375,-250,2259,1659,926,1221
-375,-250,2259,1659,926,1221
-375,-250,2259,1659,925,1221
-375,-250,2259,1659,925,1221
-375,-250,2259,1659,925,1221
-375,-250,2259,1659,925,1221
-375,-250,2259,1659,925,1221
-375,-250,2259,1659,925,1221
-375,-250,2259,1658,925,1221
-375,-250,2259,1659,925,1221
-375,-250,2259,1659,925,1221
-375,-250,2259,1659,925,1221
-375,-250,2259,1659,925,1221
-375,-250,2259,1658,925,1221
-375,-250,2259,1659,925,1221
-250,-250,2085,1531,1001,1334
-250,-250,2085,1531,1001,1334
-250,-250,2085,1531,1001,1334
-250,-250,2085,1531,1001,1334
-250,-250,2085,1531,1002,1334
-250,-250,2085,1531,1001,1334
-250,-250,2085,1531,1002,1334
-250,-250,2085,1531,1001,1334
-250,-250,2085,1531,1002,1334
-250,-250,2085,1531,1002,1334
-250,-250,2085,1531,1001,1334
-250,-250,2085,1531,1001,1334
-250,-250,2085,1531,1001,1334
-250,-250,2085,1531,1002,1334
-250,-250,2085,1531,1002,1334
-250,-250,2085,1531,1002,1334
-250,-250,2084,1531,1002,1334
-250,-250,2085,1531,1002,1334
-250,-250,2085,1531,1002,1334
-250,-250,2085,1531,1001,1334
-125,-250,1919,1411,1078,1446
-125,-250,1919,1411,1078,1447
-125,-250,1919,1411,1078,1447
-125,-250,1919,1411,1078,1447
-125,-250,1919,1411,1078,1447
-125,-250,1919,1411,1078,1447
-125,-250,1919,1411,1078,1447
-125,-250,1919,1411,1078,1447
-125,-250,1919,1411,1078,1447
-125,-250,1919,1411,1078,1447
-125,-250,1919,1411,1078,1447
-125,-250,1919,1411,1078,1447
-125,-250,1919,1411,1078,1447
-125,-250,1919,1411,1078,1447
-125,-250,1919,1411,1078,1447
-125,-250,1919,1411,1078,1448
-125,-250,1919,1411,1078,1447
-125,-250,1919,1411,1079,1447
-125,-250,1919,1411,1078,1447
-125,-250,1919,1411,1078,1448
0,-250,1752,1292,1148,1549
0,-250,1752,1292,1147,1549
0,-250,1753,1291,1148,1549
0,-250,1752,1292,1148,1549
0,-250,1753,1292,1148,1549
0,-250,1753,1291,1148,1549
0,-250,1752,1292,1148,1549
0,-250,1752,1292,1147,1549
0,-250,1752,1292,1148,1550
0,-250,1753,1291,1148,1549
0,-250,1752,1292,1148,1549
0,-250,1753,1291,1148,1549
0,-250,1753,1292,1147,1550
0,-250,1753,1291,1147,1550
0,-250,1753,1292,1148,1549
0,-250,1753,1292,1147,1549
0,-250,1752,1292,1148,1550
0,-250,1752,1292,1148,1549
0,-250,1752,1292,1147,1549
0,-250,1752,1292,1148,1550
125,-250,1585,1173,1207,1637
125,-250,1585,1172,1207,1637
125,-250,1584,1173,1207,1637
125,-250,1585,1172,1207,1637
125,-250,1585,1172,1207,1637
125,-250,1585,1172,1207,1636
125,-250,1585,1172,1208,1637
125,-250,1585,1172,1207,1637
125,-250,1584,1172,1207,1636
125,-250,1585,1172,1207,1636
125,-250,1585,1172,1207,1637
125,-250,1585,1172,1207,1637
125,-250,1585,1172,1207,1637
125,-250,1584,1172,1207,1636
125,-250,1585,1172,1207,1636
125,-250,1585,1172,1207,1637
125,-250,1585,1172,1207,1637
125,-250,1584,1173,1207,1637
125,-250,1585,1172,1207,1637
125,-250,1584,1172,1207,1636
250,-250,1420,1055,1258,1713
250,-250,1420,1055,1258,1713
250,-250,1419,1055,1259,1713
250,-250,1420,1054,1258,1713
250,-250,1420,1055,1258,1713
250,-250,1420,1054,1259,1713
250,-250,1419,1055,1259,1713
250,-250,1420,1054,1258,1713
250,-250,1419,1055,1258,1713
250,-250,1420,1055,1258,1713
250,-250,1419,1055,1259,1713
250,-250,1420,1054,1259,1713
250,-250,1420,1055,1259,1713
250,-250,1419,1055,1259,1714
250,-250,1420,1055,1258,1713
250,-250,1420,1055,1259,1714
250,-250,1420,1055,1259,1714
250,-250,1419,1055,1258,1713
250,-250,1419,1055,1258,1714
250,-250,1419,1055,1259,1714
375,-250,1260,941,1303,1781
375,-250,1260,941,1303,1781
375,-250,1260,942,1303,1781
375,-250,1259,942,1303,1781
375,-250,1259,942,1303,1781
375,-250,1260,941,1303,1781
375,-250,1259,942,1303,1781
375,-250,1260,942,1303,1781
375,-250,1260,941,1304,1781
375,-250,1259,942,1303,1781
375,-250,1260,942,1303,1780
375,-250,1259,942,1303,1781
375,-250,1260,942,1304,1781
375,-250,1260,942,1304,1781
375,-250,1260,941,1304,1781
375,-250,1259,942,1303,1781
375,-250,1260,942,1303,1782
375,-250,1259,942,1304,1781
375,-250,1260,942,1304,1781
375,-250,1260,942,1303,1781
500,-250,1105,831,1340,1838
500,-250,1106,831,1340,1838
500,-250,1105,831,1340,1838
500,-250,1106,831,1340,1838
500,-250,1105,831,1340,1838
500,-250,1105,831,1340,1838
500,-250,1105,831,1340,1838
500,-250,1105,831,1340,1838
500,-250,1106,831,1340,1838
500,-250,1105,831,1340,1838
500,-250,1105,831,1340,1838
500,-250,1105,831,1340,1837
500,-250,1105,831,1340,1838
500,-250,1105,831,1340,1838
500,-250,1105,831,1340,1838
500,-250,1105,831,1339,1838
500,-250,1105,831,1340,1838
500,-250,1105,831,1339,1838
500,-250,1105,830,1340,1838
500,-250,1105,830,1340,1838
625,-250,958,725,1368,1883
625,-250,958,725,1368,1883
625,-250,958,724,1368,1883
625,-250,957,725,1368,1883
625,-250,957,725,1368,1883
625,-250,957,725,1368,1883
625,-250,958,725,1368,1883
625,-250,957,725,1368,1882
625,-250,958,725,1368,1883
625,-250,958,725,1368,1883
625,-250,958,725,1368,1883
625,-250,958,725,1368,1883
625,-250,958,725,1368,1883
625,-250,958,725,1368,1882
625,-250,958,724,1368,1882
625,-250,957,725,1368,1883
625,-250,958,725,1368,1883
625,-250,957,725,1368,1883
625,-250,958,725,1368,1883
625,-250,958,725,1368,1882
-625,-125,2433,2113,829,933
-625,-125,2433,2113,829,933
-625,-125,2433,2113,829,933
-625,-125,2433,2113,829,933
-625,-125,2433,2113,829,933
-625,-125,2433,2113,830,933
-625,-125,2433,2113,830,933
-625,-125,2433,2113,829,933
-625,-125,2433,2113,829,933
-625,-125,2433,2113,829,933
-625,-125,2433,2113,829,933
-625,-125,2433,2113,829,933
-625,-125,2433,2113,829,932
-625,-125,2433,2113,829,933
-625,-125,2433,2113,829,933
-625,-125,2433,2113,829,933
-625,-125,2434,2113,829,933
-625,-125,2434,2113,829,933
-625,-125,2433,2113,829,933
-625,-125,2433,2113,829,933
-500,-125,2249,1950,912,1034
-500,-125,2249,1950,912,1034
-500,-125,2249,1950,912,1034
-500,-125,2249,1950,912,1034
-500,-125,2249,1950,912,1034
-500,-125,2249,1950,912,1034
-500,-125,2249,1950,912,1034
-500,-125,2248,1950,912,1034
-500,-125,2249,1950,912,1034
-500,-125,2249,1950,913,1034
-500,-125,2249,1950,912,1033
-500,-125,2249,1950,912,1034
-500,-125,2248,1950,912,1034
-500,-125,2249,1950,912,1034
-500,-125,2249,1950,912,1034
-500,-125,2249,1950,912,1034
-500,-125,2249,1950,912,1034
-500,-125,2248,1950,912,1034
-500,-125,2248,1950,912,1034
-500,-125,2248,1950,912,1034
-375,-125,2078,1798,997,1138
-375,-125,2078,1799,997,1138
-375,-125,2079,1799,997,1138
-375,-125,2079,1799,997,1138
-375,-125,2078,1798,997,1138
-375,-125,2079,1799,997,1138
-375,-125,2079,1799,997,1138
-375,-125,2078,1799,997,1138
-375,-125,2079,1799,997,1138
-375,-125,2078,1799,997,1138
-375,-125,2079,1799,997,1138
-375,-125,2078,1799,997,1138
-375,-125,2079,1799,997,1138
-375,-125,2079,1799,997,1138
-375,-125,2078,1799,997,1138
-375,-125,2078,1799,997,1138
-375,-125,2079,1799,997,1138
-375,-125,2079,1799,997,1138
-375,-125,2078,1799,997,1139
-375,-125,2079,1799,997,1138
-250,-125,1922,1661,1084,1245
-250,-125,1922,1661,1084,1245
-250,-125,1922,1661,1084,1244
-250,-125,1923,1661,1084,1245
-250,-125,1922,1661,1084,1245
-250,-125,1922,1661,1084,1245
-250,-125,1923,1661,1084,1245
-250,-125,1922,1661,1084,1245
-250,-125,1923,1661,1084,1245
-250,-125,1922,1661,1084,1245
-250,-125,1922,1661,1084,1245
-250,-125,1922,1661,1084,1245
-250,-125,1922,1661,1084,1245
-250,-125,1922,1661,1084,1245
-250,-125,1922,1661,1084,1245
-250,-125,1923,1662,1084,1245
-250,-125,1922,1661,1084,1245
-250,-125,1922,1661,1084,1245
-250,-125,1922,1661,1084,1244
-250,-125,1923,1662,1084,1245
-125,-125,1770,1529,1168,1346
-125,-125,1770,1528,1168,1346
-125,-125,1770,1528,1167,1346
-125,-125,1770,1528,1167,1346
-125,-125,1770,1529,1168,1346
-125,-125,1770,1529,1168,1346
-125,-125,1770,1529,1168,1346
-125,-125,1770,1529,1167,1346
-125,-125,1770,1528,1168,1346
-125,-125,1770,1528,1168,1346
-125,-125,1770,1528,1168,1346
-125,-125,1770,1529,1168,1346
-125,-125,1770,1529,1167,1347
-125,-125,1770,1528,1167,1346
-125,-125,1770,1528,1167,1346
-125,-125,1770,1529,1168,1346
-125,-125,1770,1528,1167,1346
-125,-125,1770,1528,1167,1346
-125,-125,1770,1528,1167,1346
-125,-125,1770,1528,1168,1346
0,-125,1615,1395,1242,1436
0,-125,1615,1395,1243,1437
0,-125,1615,1395,1242,1437
0,-125,1615,1395,1243,1437
0,-125,1615,1395,1243,1437
0,-125,1615,1395,1242,1437
0,-125,1615,1395,1243,1437
0,-125,1615,1395,1242,1437
0,-125,1615,1395,1243,1437
0,-125,1615,1395,1243,1437
0,-125,1615,1395,1243,1437
0,-125,1615,1395,1242,1437
0,-125,1615,1395,1242,1437
0,-125,1615,1395,1243,1437
0,-125,1615,1395,1242,1437
0,-125,1615,1395,1243,1437
0,-125,1615,1395,1243,1437
0,-125,1616,1395,1243,1437
0,-125,1615,1395,1243,1437
0,-125,1615,1395,1243,1437
125,-125,1465,1266,1312,1521
125,-125,1465,1266,1312,1520
125,-125,1465,1266,1312,1520
125,-125,1465,1266,1311,1520
125,-125,1465,1266,1312,1520
125,-125,1465,1266,1312,1521
125,-125,1465,1266,1312,1520
125,-125,1465,1266,1311,1521
125,-125,1465,1266,1312,1521
125,-125,1465,1266,1312,1520
125,-125,1465,1266,1312,1520
125,-125,1465,1266,1312,1520
125,-125,1465,1266,1311,1521
125,-125,1465,1266,1312,1521
125,-125,1465,1266,1312,1520
125,-125,1465,1266,1312,1521
125,-125,1465,1266,1312,1521
125,-125,1465,1266,1312,1521
125,-125,1465,1266,1312,1521
125,-125,1465,1266,1312,1521
250,-125,1316,1139,1371,1593
250,-125,1316,1139,1371,1592
250,-125,1316,1139,1371,1592
250,-125,1316,1139,1371,1592
250,-125,1317,1139,1371,1592
250,-125,1316,1139,1371,1592
250,-125,1316,1139,1371,1593
250,-125,1316,1139,1371,1592
250,-125,1316,1139,1370,1592
250,-125,1316,1139,1371,1593
250,-125,1316,1139,1370,1592
250,-125,1316,1139,1370,1592
250,-125,1316,1139,1371,1592
250,-125,1316,1139,1371,1592
250,-125,1316,1139,1371,1592
250,-125,1316,1139,1370,1592
250,-125,1316,1139,1370,1592
250,-125,1316,1139,1371,1593
250,-125,1316,1139,1371,1592
250,-125,1316,1139,1370,1592
375,-125,1171,1016,1421,1654
375,-125,1171,1016,1421,1654
375,-125,1171,1016,1421,1654
375,-125,1171,1016,1421,1654
375,-125,1171,1015,1421,1654
375,-125,1171,1016,1421,1654
375,-125,1171,1016,1421,1654
375,-125,1171,1016,1421,1654
375,-125,1171,1015,1421,1654
375,-125,1171,1016,1421,1654
375,-125,1171,1015,1422,1654
375,-125,1171,1015,1421,1653
375,-125,1171,1015,1421,1654
375,-125,1171,1015,1421,1654
375,-125,1171,1015,1421,1654
375,-125,1171,1015,1421,1654
375,-125,1171,1016,1421,1654
375,-125,1171,1015,1421,1653
375,-125,1170,1015,1420,1654
375,-125,1171,1015,1421,1654
500,-125,1030,895,1463,1706
500,-125,1029,895,1463,1706
500,-125,1029,895,1462,1706
500,-125,1029,895,1463,1706
500,-125,1029,895,1463,1706
500,-125,1029,895,1463,1706
500,-125,1029,895,1463,1706
500,-125,1030,895,1463,1706
500,-125,1029,895,1463,1706
500,-125,1029,895,1463,1706
500,-125,1029,895,1463,1706
500,-125,1029,895,1463,1706
500,-125,1029,895,1463,1706
500,-125,1030,895,1463,1706
500,-125,1029,895,1463,1706
500,-125,1029,895,1463,1706
500,-125,1029,895,1463,1706
500,-125,1029,895,1463,1706
500,-125,1029,895,1463,1706
500,-125,1029,895,1463,1706
625,-125,893,778,1495,1747
625,-125,893,778,1495,1748
625,-125,893,779,1495,1748
625,-125,893,778,1495,1748
625,-125,893,779,1495,1747
625,-125,893,779,1495,1748
625,-125,893,779,1495,1748
625,-125,893,778,1495,1748
625,-125,893,778,1495,1748
625,-125,893,779,1495,1747
625,-125,893,778,1495,1748
625,-125,893,778,1495,1747
625,-125,893,778,1495,1747
625,-125,893,778,1495,1748
625,-125,893,778,1495,1747
625,-125,893,778,1494,1747
625,-125,893,778,1495,1747
625,-125,893,778,1495,1748
625,-125,893,778,1495,1747
625,-125,893,778,1495,1747
-625,0,2216,2269,882,868
-625,0,2216,2269,882,868
-625,0,2216,2269,882,868
-625,0,2216,2269,882,869
-625,0,2216,2268,882,868
-625,0,2216,2269,882,869
-625,0,2216,2269,882,868
-625,0,2216,2268,882,868
-625,0,2216,2268,882,868
-625,0,2216,2268,882,869
-625,0,2216,2269,882,869
-625,0,2216,2269,882,869
-625,0,2216,2268,882,868
-625,0,2216,2269,882,868
-625,0,2216,2269,881,869
-625,0,2215,2269,882,868
-625,0,2215,2269,881,868
-625,0,2215,2268,881,869
-625,0,2216,2268,882,868
-625,0,2216,2268,882,868
-500,0,2050,2094,974,961
-500,0,2051,2093,974,962
-500,0,2050,2093,974,961
-500,0,2050,2094,974,961
-500,0,2050,2094,974,961
-500,0,2050,2094,974,961
-500,0,2051,2093,975,962
-500,0,2050,2093,974,962
-500,0,2051,2094,975,962
-500,0,2051,2094,974,962
-500,0,2050,2093,975,962
-500,0,2050,2093,974,961
-500,0,2050,2093,975,962
-500,0,2050,2094,975,962
-500,0,2050,2094,975,961
-500,0,2051,2093,975,962
-500,0,2050,2094,975,962
-500,0,2050,2093,975,962
-500,0,2050,2093,975,962
-500,0,2051,2093,975,962
-375,0,1898,1932,1068,1057
-375,0,1899,1932,1069,1057
-375,0,1898,1932,1068,1057
-375,0,1898,1932,1068,1057
-375,0,1898,1932,1069,1057
-375,0,1898,1932,1068,1057
-375,0,1898,1932,1068,1057
-375,0,1898,1932,1068,1057
-375,0,1898,1932,1068,1057
-375,0,1898,1932,1068,1057
-375,0,1898,1932,1069,1057
-375,0,1899,1932,1069,1057
-375,0,1898,1932,1068,1057
-375,0,1899,1932,1068,1058
-375,0,1898,1932,1068,1057
-375,0,1898,1932,1068,1057
-375,0,1898,1932,1069,1057
-375,0,1898,1932,1069,1057
-375,0,1898,1932,1069,1057
-375,0,1898,1932,1069,1057
-250,0,1755,1780,1160,1150
-250,0,1755,1780,1160,1150
-250,0,1755,1780,1160,1150
-250,0,1755,1780,1160,1150
-250,0,1755,1780,1160,1150
-250,0,1755,1780,1160,1151
-250,0,1754,1780,1160,1151
-250,0,1754,1780,1160,1150
-250,0,1755,1780,1160,1150
-250,0,1755,1780,1160,1150
-250,0,1754,1780,1160,1150
-250,0,1755,1780,1160,1150
-250,0,1755,1780,1160,1150
-250,0,1754,1780,1160,1150
-250,0,1754,1780,1160,1150
-250,0,1754,1780,1160,1150
-250,0,1755,1780,1160,1150
-250,0,1754,1780,1160,1149
-250,0,1755,1780,1160,1149
-250,0,1755,1780,1160,1149
-125,0,1615,1634,1249,1238
-125,0,1615,1634,1249,1238
-125,0,1615,1634,1249,1238
-125,0,1615,1634,1249,1238
-125,0,1615,1633,1249,1239
-125,0,1615,1634,1249,1238
-125,0,1615,1634,1248,1238
-125,0,1615,1634,1249,1238
-125,0,1615,1634,1249,1238
-125,0,1615,1634,1249,1238
-125,0,1615,1634,1249,1238
-125,0,1615,1634,1248,1238
-125,0,1615,1634,1249,1239
-125,0,1615,1634,1249,1238
-125,0,1615,1634,1249,1238
-125,0,1615,1634,1249,1238
-125,0,1615,1634,1248,1238
-125,0,1615,1634,1249,1238
-125,0,1615,1633,1249,1239
-125,0,1615,1634,1249,1238
0,0,1476,1490,1330,1319
0,0,1476,1490,1330,1320
0,0,1476,1490,1330,1319
0,0,1476,1490,1330,1319
0,0,1476,1490,1330,1319
0,0,1476,1490,1330,1320
0,0,1476,1490,1330,1320
0,0,1476,1490,1330,1320
0,0,1476,1490,1330,1319
0,0,1476,1490,1330,1319
0,0,1476,1490,1330,1320
0,0,1476,1490,1330,1319
0,0,1476,1490,1330,1319
0,0,1476,1490,1330,1319
0,0,1476,1490,1330,1319
0,0,1476,1490,1330,1320
0,0,1475,1490,1330,1319
0,0,1476,1490,1330,1319
0,0,1476,1490,1330,1319
0,0,1476,1489,1330,1319
125,0,1339,1350,1403,1393
125,0,1340,1350,1403,1392
125,0,1339,1350,1403,1393
125,0,1339,1350,1403,1393
125,0,1340,1350,1403,1393
125,0,1339,1350,1403,1393
125,0,1339,1350,1403,1393
125,0,1340,1349,1403,1392
125,0,1339,1349,1403,1392
125,0,1339,1350,1404,1392
125,0,1339,1350,1403,1392
125,0,1339,1349,1403,1392
125,0,1339,1350,1403,1392
125,0,1339,1349,1403,1393
125,0,1339,1350,1403,1392
125,0,1339,1349,1403,1392
125,0,1339,1349,1403,1392
125,0,1339,1350,1404,1392
125,0,1339,1349,1403,1392
125,0,1339,1349,1403,1392
250,0,1207,1214,1470,1459
250,0,1207,1214,1470,1460
250,0,1207,1214,1470,1460
250,0,1207,1214,1470,1460
250,0,1207,1214,1470,1460
250,0,1207,1214,1470,1460
250,0,1207,1214,1470,1460
250,0,1207,1214,1470,1460
250,0,1207,1214,1470,1460
250,0,1207,1214,1470,1460
250,0,1207,1214,1470,1460
250,0,1207,1214,1470,1460
250,0,1207,1214,1470,1460
250,0,1207,1214,1470,1460
250,0,1207,1215,1470,1460
250,0,1207,1214,1470,1461
250,0,1207,1214,1470,1460
250,0,1207,1214,1470,1461
250,0,1207,1215,1470,1461
250,0,1207,1214,1470,1461
375,0,1078,1083,1529,1521
375,0,1078,1083,1529,1520
375,0,1078,1083,1529,1521
375,0,1078,1083,1529,1521
375,0,1078,1083,1529,1521
375,0,1078,1083,1529,1520
375,0,1078,1083,1529,1521
375,0,1078,1083,1530,1521
375,0,1078,1083,1529,1520
375,0,1078,1083,1530,1521
375,0,1078,1083,1529,1521
375,0,1079,1083,1530,1521
375,0,1078,1083,1530,1520
375,0,1078,1083,1529,1520
375,0,1078,1083,1530,1521
375,0,1078,1083,1530,1521
375,0,1078,1083,1530,1521
375,0,1078,1083,1530,1521
375,0,1078,1083,1529,1521
375,0,1078,1083,1530,1521
500,0,950,953,1577,1568
500,0,950,953,1577,1568
500,0,950,953,1577,1568
500,0,950,953,1577,1568
500,0,950,953,1577,1568
500,0,950,953,1577,1568
500,0,950,954,1577,1568
500,0,950,953,1577,1568
500,0,950,953,1577,1568
500,0,950,953,1577,1568
500,0,950,953,1577,1568
500,0,950,953,1577,1567
500,0,950,953,1577,1568
500,0,950,953,1577,1568
500,0,950,953,1577,1568
500,0,950,953,1577,1568
500,0,950,953,1577,1568
500,0,950,953,1577,1568
500,0,950,953,1577,1568
500,0,949,953,1577,1568
625,0,827,829,1616,1609
625,0,827,829,1617,1609
625,0,827,829,1616,1609
625,0,827,829,1616,1610
625,0,827,829,1616,1609
625,0,827,829,1617,1609
625,0,827,829,1617,1609
625,0,827,829,1617,1609
625,0,827,829,1617,1610
625,0,827,829,1617,1610
625,0,827,829,1616,1610
625,0,827,829,1617,1609
625,0,827,829,1617,1609
625,0,827,829,1617,1610
625,0,827,829,1617,1610
625,0,827,829,1617,1610
625,0,827,829,1617,1610
625,0,827,829,1617,1610
625,0,827,829,1617,1610
625,0,827,829,1617,1610
-625,125,1995,2409,927,798
-625,125,1995,2409,927,797
-625,125,1995,2409,927,797
-625,125,1995,2408,927,798
-625,125,1995,2408,927,798
-625,125,1996,2409,927,797
-625,125,1995,2408,927,797
-625,125,1995,2409,927,797
-625,125,1996,2408,927,797
-625,125,1995,2408,926,798
-625,125,1995,2409,927,797
-625,125,1995,2408,927,797
-625,125,1995,2409,927,797
-625,125,1995,2408,927,797
-625,125,1995,2409,926,798
-625,125,1996,2408,927,798
-625,125,1995,2408,927,797
-625,125,1995,2408,927,797
-625,125,1995,2408,927,797
-625,125,1995,2408,927,797
-500,125,1850,2224,1027,880
-500,125,1850,2225,1027,881
-500,125,1850,2224,1027,880
-500,125,1851,2225,1027,880
-500,125,1850,2225,1027,880
-500,125,1850,2224,1027,880
-500,125,1851,2224,1027,880
-500,125,1850,2224,1027,880
-500,125,1850,2224,1027,880
-500,125,1850,2224,1027,880
-500,125,1850,2224,1027,880
-500,125,1850,2224,1027,880
-500,125,1850,2224,1027,880
-500,125,1850,2224,1027,880
-500,125,1850,2224,1027,880
-500,125,1850,2224,1027,880
-500,125,1850,2224,1027,880
-500,125,1850,2224,1027,880
-500,125,1850,2224,1027,880
-500,125,1850,2224,1027,880
-375,125,1715,2052,1129,965
-375,125,1715,2053,1128,965
-375,125,1715,2052,1129,965
-375,125,1715,2052,1129,965
-375,125,1715,2053,1129,965
-375,125,1715,2052,1129,965
-375,125,1715,2052,1129,965
-375,125,1715,2053,1129,965
-375,125,1715,2052,1129,965
-375,125,1715,2053,1129,965
-375,125,1715,2052,1129,965
-375,125,1715,2053,1129,965
-375,125,1715,2053,1128,965
-375,125,1715,2053,1129,965
-375,125,1715,2053,1129,966
-375,125,1715,2052,1129,965
-375,125,1715,2052,1129,966
-375,125,1715,2053,1129,966
-375,125,1715,2053,1129,965
-375,125,1715,2053,1129,966
-250,125,1588,1892,1230,1051
-250,125,1587,1891,1230,1051
-250,125,1587,1891,1230,1051
-250,125,1588,1891,1230,1051
-250,125,1588,1892,1230,1050
-250,125,1588,1892,1230,1051
-250,125,1587,1891,1230,1051
-250,125,1588,1891,1230,1051
-250,125,1588,1891,1230,1050
-250,125,1587,1891,1230,1050
-250,125,1588,1892,1230,1051
-250,125,1588,1891,1230,1051
-250,125,1587,1892,1230,1051
-250,125,1588,1891,1230,1051
-250,125,1588,1891,1230,1051
-250,125,1588,1891,1230,1051
-250,125,1588,1892,1230,1051
-250,125,1587,1892,1231,1051
-250,125,1588,1892,1230,1051
-250,125,1588,1891,1230,1051
-125,125,1463,1733,1326,1130
-125,125,1462,1733,1326,1131
-125,125,1462,1733,1326,1130
-125,125,1462,1733,1326,1130
-125,125,1462,1733,1326,1131
-125,125,1462,1733,1326,1130
-125,125,1462,1733,1326,1131
-125,125,1462,1733,1326,1131
-125,125,1462,1733,1326,1130
-125,125,1462,1733,1326,1131
-125,125,1462,1733,1326,1131
-125,125,1462,1733,1326,1131
-125,125,1462,1733,1326,1130
-125,125,1462,1733,1326,1130
-125,125,1462,1733,1326,1130
-125,125,1462,1733,1326,1131
-125,125,1462,1733,1326,1130
-125,125,1462,1733,1325,1130
-125,125,1462,1733,1325,1131
-125,125,1462,1733,1326,1131
0,125,1338,1578,1413,1203
0,125,1338,1578,1413,1203
0,125,1338,1578,1413,1203
0,125,1338,1578,1413,1203
0,125,1338,1578,1413,1203
0,125,1338,1578,1413,1203
0,125,1338,1578,1413,1203
0,125,1338,1578,1413,1203
0,125,1338,1578,1413,1203
0,125,1338,1579,1413,1203
0,125,1338,1578,1413,1203
0,125,1338,1578,1413,1203
0,125,1338,1578,1413,1203
0,125,1338,1578,1413,1203
0,125,1338,1578,1413,1203
0,125,1338,1578,1413,1203
0,125,1338,1578,1413,1203
0,125,1338,1578,1413,1203
0,125,1338,1578,1413,1203
0,125,1338,1578,1413,1203
125,125,1217,1430,1495,1272
125,125,1218,1430,1495,1272
125,125,1218,1430,1495,1272
125,125,1218,1430,1495,1272
125,125,1218,1430,1495,1272
125,125,1218,1430,1495,1272
125,125,1218,1430,1495,1272
125,125,1218,1430,1495,1272
125,125,1218,1430,1495,1272
125,125,1218,1430,1495,1272
125,125,1218,1430,1495,1272
125,125,1218,1430,1495,1272
125,125,1218,1430,1495,1272
125,125,1218,1431,1495,1272
125,125,1218,1431,1495,1272
125,125,1218,1431,1495,1273
125,125,1218,1430,1495,1272
125,125,1218,1430,1495,1272
125,125,1218,1431,1495,1272
125,125,1218,1430,1495,1272
250,125,1101,1287,1569,1335
250,125,1101,1287,1569,1335
250,125,1101,1287,1569,1335
250,125,1101,1287,1569,1335
250,125,1101,1287,1568,1335
250,125,1101,1286,1569,1335
250,125,1101,1287,1569,1335
250,125,1101,1287,1569,1335
250,125,1101,1287,1569,1335
250,125,1101,1287,1569,1335
250,125,1101,1287,1569,1335
250,125,1101,1287,1569,1335
250,125,1101,1287,1569,1334
250,125,1101,1287,1569,1335
250,125,1101,1287,1569,1335
250,125,1101,1287,1569,1335
250,125,1101,1287,1569,1335
250,125,1101,1287,1569,1335
250,125,1101,1287,1569,1335
250,125,1101,1287,1569,1335
375,125,985,1145,1632,1387
375,125,985,1145,1632,1387
375,125,985,1145,1632,1387
375,125,985,1145,1632,1386
375,125,984,1145,1632,1387
375,125,984,1145,1632,1387
375,125,985,1145,1632,1386
375,125,985,1145,1632,1387
375,125,985,1145,1632,1386
375,125,985,1145,1632,1387
375,125,985,1145,1632,1387
375,125,985,1145,1631,1386
375,125,985,1145,1632,1387
375,125,985,1145,1632,1386
375,125,985,1145,1632,1386
375,125,985,1145,1632,1387
375,125,985,1145,1632,1386
375,125,985,1145,1632,1386
375,125,985,1145,1632,1386
375,125,984,1145,1632,1386
500,125,869,1007,1684,1429
500,125,869,1006,1684,1429
500,125,869,1006,1684,1429
500,125,870,1006,1684,1429
500,125,869,1007,1684,1429
500,125,869,1007,1684,1429
500,125,869,1006,1684,1429
500,125,869,1006,1683,1429
500,125,869,1006,1684,1429
500,125,870,1006,1684,1429
500,125,869,1006,1684,1429
500,125,869,1006,1684,1429
500,125,869,1006,1683,1429
500,125,869,1007,1684,1429
500,125,869,1006,1684,1428
500,125,869,1006,1684,1428
500,125,869,1006,1684,1429
500,125,869,1006,1684,1428
500,125,869,1006,1684,1429
500,125,869,1006,1684,1428
625,125,758,873,1727,1465
625,125,758,873,1727,1465
625,125,758,873,1727,1465
625,125,758,873,1727,1465
625,125,758,873,1727,1465
625,125,758,873,1727,1465
625,125,758,873,1727,1465
625,125,757,873,1727,1465
625,125,758,873,1727,1465
625,125,758,873,1727,1465
625,125,758,873,1727,1465
625,125,758,873,1727,1465
625,125,758,873,1727,1465
625,125,758,873,1727,1464
625,125,758,873,1727,1464
625,125,758,873,1727,1465
625,125,758,873,1727,1464
625,125,758,873,1727,1465
625,125,758,873,1727,1464
625,125,758,873,1727,1465
-625,250,1784,2544,973,731
-625,250,1784,2544,973,731
-625,250,1784,2544,973,731
-625,250,1784,2544,973,731
-625,250,1784,2544,973,731
-625,250,1784,2544,973,732
-625,250,1784,2544,973,731
-625,250,1784,2544,973,731
-625,250,1784,2544,973,731
-625,250,1784,2544,973,731
-625,250,1784,2544,973,731
-625,250,1784,2544,973,731
-625,250,1784,2544,973,731
-625,250,1784,2544,973,731
-625,250,1784,2544,973,732
-625,250,1784,2544,973,731
-625,250,1784,2544,973,731
-625,250,1784,2544,973,732
-625,250,1784,2544,973,731
-625,250,1784,2544,973,731
-500,250,1658,2351,1083,806
-500,250,1658,2351,1083,806
-500,250,1658,2351,1083,806
-500,250,1658,2351,1083,806
-500,250,1658,2350,1083,806
-500,250,1657,2351,1083,806
-500,250,1658,2351,1083,805
-500,250,1658,2351,1083,806
-500,250,1658,2350,1083,806
-500,250,1658,2351,1083,806
-500,250,1658,2351,1083,806
-500,250,1658,2351,1083,805
-500,250,1659,2351,1083,806
-500,250,1658,2351,1083,806
-500,250,1658,2351,1083,806
-500,250,1658,2351,1083,806
-500,250,1658,2351,1083,805
-500,250,1658,2351,1083,806
-500,250,1658,2351,1083,806
-500,250,1658,2350,1083,806
-375,250,1540,2172,1193,881
-375,250,1540,2172,1193,881
-375,250,1540,2172,1193,881
-375,250,1540,2172,1193,882
-375,250,1540,2172,1193,881
-375,250,1540,2172,1193,881
-375,250,1540,2172,1193,881
-375,250,1540,2171,1193,881
-375,250,1540,2172,1193,881
-375,250,1540,2172,1193,881
-375,250,1540,2172,1193,881
-375,250,1540,2172,1193,881
-375,250,1540,2172,1193,881
-375,250,1540,2172,1193,881
-375,250,1540,2172,1193,881
-375,250,1540,2172,1193,881
-375,250,1540,2171,1193,881
-375,250,1540,2172,1193,881
-375,250,1540,2172,1193,880
-375,250,1540,2172,1193,881
-250,250,1427,1999,1300,954
-250,250,1427,1999,1299,955
-250,250,1427,1999,1299,954
-250,250,1427,1999,1299,954
-250,250,1426,1999,1299,955
-250,250,1427,1999,1299,954
-250,250,1426,1999,1299,954
-250,250,1426,1999,1299,954
-250,250,1427,1999,1299,954
-250,250,1427,1999,1299,954
-250,250,1427,1999,1299,954
-250,250,1426,1999,1300,954
-250,250,1427,2000,1299,954
-250,250,1427,1999,1299,954
-250,250,1426,1999,1299,954
-250,250,1426,1999,1299,954
-250,250,1427,1999,1299,954
-250,250,1427,1999,1299,954
-250,250,1426,1999,1299,954
-250,250,1427,1999,1299,954
-125,250,1314,1830,1401,1024
-125,250,1314,1830,1401,1024
-125,250,1314,1830,1400,1023
-125,250,1314,1830,1401,1024
-125,250,1314,1830,1401,1024
-125,250,1314,1830,1401,1024
-125,250,1314,1830,1400,1024
-125,250,1314,1830,1401,1023
-125,250,1314,1830,1400,1023
-125,250,1314,1830,1400,1023
-125,250,1314,1830,1401,1023
-125,250,1314,1830,1401,1024
-125,250,1314,1830,1400,1023
-125,250,1314,1830,1400,1023
-125,250,1314,1830,1401,1024
-125,250,1314,1830,1400,1023
-125,250,1314,1830,1400,1023
-125,250,1314,1830,1400,1023
-125,250,1314,1829,1400,1023
-125,250,1314,1830,1400,1023
0,250,1203,1664,1493,1086
0,250,1203,1664,1492,1086
0,250,1203,1664,1492,1086
0,250,1203,1664,1493,1086
0,250,1203,1664,1492,1086
0,250,1203,1664,1492,1087
0,250,1203,1663,1492,1086
0,250,1203,1664,1492,1087
0,250,1203,1663,1492,1086
0,250,1203,1664,1492,1086
0,250,1203,1663,1492,1087
0,250,1203,1664,1492,1086
0,250,1203,1664,1492,1086
0,250,1203,1664,1493,1086
0,250,1203,1663,1492,1086
0,250,1203,1663,1492,1086
0,250,1203,1664,1492,1086
0,250,1203,1663,1492,1086
0,250,1202,1663,1492,1087
0,250,1203,1663,1492,1086
125,250,1095,1504,1576,1144
125,250,1095,1504,1576,1144
125,250,1095,1504,1576,1144
125,250,1095,1504,1576,1144
125,250,1095,1504,1576,1144
125,250,1095,1504,1576,1144
125,250,1095,1504,1576,1144
125,250,1095,1504,1576,1144
125,250,1095,1504,1576,1144
125,250,1095,1504,1576,1144
125,250,1095,1504,1576,1144
125,250,1095,1503,1576,1144
125,250,1095,1504,1576,1144
125,250,1095,1504,1576,1145
125,250,1095,1504,1576,1144
125,250,1095,1504,1576,1144
125,250,1095,1504,1576,1144
125,250,1095,1504,1576,1144
125,250,1095,1504,1576,1144
125,250,1095,1504,1576,1144
250,250,990,1349,1653,1197
250,250,990,1349,1653,1197
250,250,990,1350,1653,1197
250,250,990,1349,1653,1197
250,250,990,1350,1653,1197
250,250,991,1349,1653,1197
250,250,990,1349,1653,1197
250,250,990,1349,1652,1197
250,250,990,1349,1652,1197
250,250,991,1349,1652,1197
250,250,991,1349,1652,1197
250,250,990,1350,1652,1197
250,250,990,1349,1653,1197
250,250,991,1349,1653,1197
250,250,991,1349,1652,1196
250,250,990,1349,1653,1197
250,250,990,1349,1653,1197
250,250,990,1349,1653,1197
250,250,990,1349,1652,1197
250,250,990,1349,1652,1197
375,250,887,1198,1720,1242
375,250,887,1198,1720,1243
375,250,887,1198,1721,1243
375,250,887,1198,1720,1243
375,250,887,1198,1720,1243
375,250,887,1198,1720,1243
375,250,887,1198,1720,1243
375,250,886,1198,1720,1243
375,250,887,1198,1720,1242
375,250,887,1198,1720,1243
375,250,887,1198,1720,1243
375,250,887,1198,1720,1243
375,250,887,1198,1720,1243
375,250,887,1198,1720,1243
375,250,887,1198,1720,1243
375,250,887,1198,1721,1243
375,250,887,1198,1720,1243
375,250,887,1198,1720,1243
375,250,887,1198,1720,1243
375,250,886,1198,1720,1243
500,250,784,1050,1776,1280
500,250,784,1050,1775,1280
500,250,784,1050,1775,1280
500,250,784,1050,1775,1280
500,250,784,1050,1775,1280
500,250,784,1050,1775,1280
500,250,784,1050,1775,1280
500,250,784,1050,1776,1280
500,250,784,1050,1775,1280
500,250,784,1050,1775,1280
500,250,784,1050,1776,1280
500,250,784,1050,1775,1280
500,250,784,1050,1775,1280
500,250,784,1050,1775,1280
500,250,784,1050,1775,1280
500,250,783,1050,1775,1280
500,250,783,1050,1776,1280
500,250,784,1050,1775,1280
500,250,784,1050,1775,1280
500,250,784,1050,1775,1280
625,250,686,911,1826,1314
625,250,686,911,1826,1314
625,250,686,911,1826,1314
625,250,686,911,1826,1314
625,250,686,911,1826,1314
625,250,686,911,1826,1314
625,250,686,911,1826,1314
625,250,686,911,1825,1314
625,250,686,911,1826,1314
625,250,686,911,1826,1314
625,250,686,911,1826,1314
625,250,686,911,1826,1315
625,250,686,911,1826,1314
625,250,687,911,1826,1314
625,250,686,911,1826,1314
625,250,686,911,1825,1314
625,250,687,911,1826,1314
625,250,686,911,1826,1314
625,250,686,911,1826,1314
625,250,687,911,1825,1314
-625,375,1580,2674,1016,664
-625,375,1580,2674,1016,663
-625,375,1580,2674,1016,663
-625,375,1579,2674,1016,664
-625,375,1580,2674,1017,663
-625,375,1580,2674,1016,663
-625,375,1580,2674,1016,663
-625,375,1579,2674,1016,663
-625,375,1580,2674,1016,663
-625,375,1580,2674,1016,664
-625,375,1580,2674,1016,663
-625,375,1579,2674,1017,664
-625,375,1579,2674,1016,663
-625,375,1580,2674,1016,663
-625,375,1580,2674,1017,664
-625,375,1579,2674,1016,664
-625,375,1580,2674,1016,663
-625,375,1579,2674,1016,664
-625,375,1579,2674,1016,663
-625,375,1580,2674,1016,664
-500,375,1473,2474,1136,730
-500,375,1472,2474,1136,730
-500,375,1473,2474,1136,730
-500,375,1472,2474,1136,730
-500,375,1472,2474,1136,730
-500,375,1472,2474,1137,730
-500,375,1473,2474,1136,730
-500,375,1472,2474,1136,730
-500,375,1472,2474,1136,730
-500,375,1472,2474,1136,730
-500,375,1473,2474,1136,730
-500,375,1472,2474,1136,730
-500,375,1472,2474,1136,730
-500,375,1472,2474,1136,730
-500,375,1472,2474,1136,730
-500,375,1472,2474,1136,731
-500,375,1472,2474,1136,730
-500,375,1473,2474,1136,730
-500,375,1472,2474,1136,730
-500,375,1472,2474,1136,730
-375,375,1371,2289,1255,797
-375,375,1372,2288,1255,797
-375,375,1372,2288,1255,797
-375,375,1372,2288,1255,797
-375,375,1372,2288,1255,797
-375,375,1372,2288,1255,798
-375,375,1372,2288,1255,797
-375,375,1372,2288,1255,797
-375,375,1372,2288,1255,797
-375,375,1372,2288,1255,797
-375,375,1372,2288,1255,798
-375,375,1372,2288,1256,797
-375,375,1372,2288,1255,797
-375,375,1372,2288,1255,797
-375,375,1372,2288,1255,797
-375,375,1372,2288,1255,798
-375,375,1372,2288,1255,797
-375,375,1372,2288,1255,797
-375,375,1372,2288,1255,797
-375,375,1372,2288,1255,797
-250,375,1275,2109,1371,863
-250,375,1274,2109,1372,863
-250,375,1274,2109,1372,863
-250,375,1274,2109,1372,863
-250,375,1274,2109,1372,863
-250,375,1275,2109,1372,863
-250,375,1275,2109,1372,863
-250,375,1274,2109,1372,863
-250,375,1274,2109,1372,864
-250,375,1275,2109,1372,863
-250,375,1275,2109,1372,863
-250,375,1275,2109,1372,863
-250,375,1275,2109,1372,864
-250,375,1275,2109,1372,863
-250,375,1274,2109,1372,864
-250,375,1275,2109,1372,863
-250,375,1274,2109,1372,863
-250,375,1275,2110,1372,863
-250,375,1275,2109,1372,864
-250,375,1275,2109,1372,863
-125,375,1176,1930,1480,924
-125,375,1176,1931,1480,924
-125,375,1176,1931,1480,924
-125,375,1176,1931,1480,924
-125,375,1176,1930,1480,924
-125,375,1176,1931,1480,924
-125,375,1177,1931,1480,924
-125,375,1176,1931,1480,925
-125,375,1176,1931,1480,924
-125,375,1176,1930,1480,924
-125,375,1176,1930,1480,924
-125,375,1177,1931,1480,924
-125,375,1176,1930,1480,924
-125,375,1176,1931,1480,924
-125,375,1176,1931,1480,924
-125,375,1176,1930,1480,925
-125,375,1177,1931,1480,924
-125,375,1177,1930,1480,924
-125,375,1176,1930,1480,925
-125,375,1176,1931,1481,924
0,375,1078,1753,1577,979
0,375,1078,1753,1577,979
0,375,1078,1753,1577,979
0,375,1078,1753,1577,979
0,375,1078,1753,1577,979
0,375,1078,1753,1577,979
0,375,1078,1753,1577,979
0,375,1078,1753,1577,979
0,375,1078,1753,1577,979
0,375,1078,1753,1577,979
0,375,1078,1754,1577,979
0,375,1078,1753,1576,979
0,375,1078,1753,1577,979
0,375,1078,1754,1577,979
0,375,1078,1753,1577,979
0,375,1078,1753,1576,979
0,375,1078,1753,1576,979
0,375,1078,1753,1576,979
0,375,1078,1754,1577,979
0,375,1078,1753,1576,979
125,375,982,1581,1663,1028
125,375,982,1581,1664,1027
125,375,982,1580,1663,1027
125,375,982,1581,1663,1027
125,375,982,1580,1663,1027
125,375,982,1581,1663,1028
125,375,981,1580,1663,1028
125,375,981,1581,1663,1027
125,375,982,1581,1663,1027
125,375,981,1580,1663,1028
125,375,982,1580,1663,1027
125,375,982,1581,1663,1028
125,375,982,1581,1663,1027
125,375,981,1581,1663,1027
125,375,981,1581,1663,1028
125,375,981,1581,1663,1028
125,375,982,1581,1663,1027
125,375,982,1581,1663,1027
125,375,982,1581,1663,1028
125,375,982,1581,1663,1027
250,375,888,1414,1742,1072
250,375,888,1414,1742,1071
250,375,887,1414,1742,1072
250,375,888,1414,1742,1071
250,375,888,1414,1742,1071
250,375,887,1414,1742,1072
250,375,887,1414,1742,1071
250,375,888,1414,1742,1072
250,375,888,1414,1742,1071
250,375,888,1414,1742,1071
250,375,888,1414,1742,1072
250,375,888,1414,1742,1071
250,375,887,1414,1742,1072
250,375,888,1414,1742,1072
250,375,888,1414,1742,1071
250,375,888,1414,1742,1071
250,375,887,1414,1742,1071
250,375,888,1414,1742,1071
250,375,888,1414,1742,1072
250,375,888,1414,1742,1072
375,375,794,1251,1809,1109
375,375,794,1251,1810,1109
375,375,794,1251,1809,1109
375,375,794,1251,1809,1109
375,375,794,1251,1810,1108
375,375,795,1251,1810,1109
375,375,795,1251,1809,1109
375,375,794,1251,1810,1109
375,375,794,1251,1809,1109
375,375,794,1251,1809,1109
375,375,795,1251,1809,1109
375,375,795,1251,1809,1109
375,375,794,1251,1810,1109
375,375,795,1251,1810,1108
375,375,794,1251,1810,1108
375,375,794,1251,1809,1109
375,375,794,1251,1809,1108
375,375,794,1251,1809,1109
375,375,794,1251,1810,1109
375,375,794,1251,1809,1108
500,375,704,1094,1868,1140
500,375,704,1095,1868,1140
500,375,704,1095,1868,1140
500,375,703,1095,1868,1140
500,375,704,1095,1868,1140
500,375,704,1095,1868,1140
500,375,704,1095,1868,1140
500,375,704,1095,1868,1140
500,375,703,1094,1868,1140
500,375,703,1095,1869,1140
500,375,704,1094,1868,1140
500,375,704,1095,1868,1141
500,375,704,1095,1868,1140
500,375,704,1095,1868,1140
500,375,703,1095,1868,1140
500,375,704,1095,1868,1140
500,375,704,1095,1868,1140
500,375,704,1095,1868,1140
500,375,704,1095,1868,1140
500,375,704,1095,1868,1140
625,375,618,948,1922,1169
625,375,618,948,1921,1170
625,375,618,948,1922,1170
625,375,618,948,1921,1170
625,375,618,948,1922,1170
625,375,619,948,1921,1169
625,375,618,948,1921,1170
625,375,618,948,1922,1170
625,375,618,949,1921,1169
625,375,618,948,1921,1170
625,375,618,948,1921,1170
625,375,618,948,1921,1170
625,375,618,948,1921,1170
625,375,618,948,1922,1169
625,375,618,948,1921,1170
625,375,618,948,1921,1170
625,375,618,948,1921,1170
625,375,618,948,1922,1170
625,375,618,948,1921,1170
625,375,618,948,1922,1169
-625,500,1388,2807,1062,601
-625,500,1388,2807,1062,601
-625,500,1388,2807,1062,600
-625,500,1388,2807,1062,601
-625,500,1388,2807,1063,600
-625,500,1388,2808,1062,601
-625,500,1388,2807,1062,600
-625,500,1388,2807,1063,600
-625,500,1388,2807,1063,601
-625,500,1388,2807,1063,601
-625,500,1388,2808,1062,600
-625,500,1388,2807,1063,601
-625,500,1388,2808,1062,600
-625,500,1388,2807,1062,601
-625,500,1388,2807,1063,601
-625,500,1388,2808,1063,600
-625,500,1388,2807,1062,600
-625,500,1388,2807,1062,601
-625,500,1388,2807,1062,601
-625,500,1388,2807,1063,601
-500,500,1298,2601,1193,660
-500,500,1298,2601,1193,660
-500,500,1298,2602,1193,660
-500,500,1298,2601,1193,660
-500,500,1299,2601,1193,660
-500,500,1298,2601,1194,661
-500,500,1298,2602,1193,660
-500,500,1298,2602,1194,660
-500,500,1298,2601,1193,660
-500,500,1298,2602,1193,660
-500,500,1298,2602,1193,661
-500,500,1298,2602,1193,661
-500,500,1298,2602,1193,660
-500,500,1298,2601,1193,660
-500,500,1298,2602,1194,660
-500,500,1298,2602,1193,660
-500,500,1298,2602,1193,660
-500,500,1298,2602,1193,660
-500,500,1298,2602,1193,660
-500,500,1298,2602,1194,660
-375,500,1215,2410,1323,720
-375,500,1215,2410,1323,721
-375,500,1215,2410,1323,721
-375,500,1215,2410,1323,721
-375,500,1214,2410,1323,721
-375,500,1215,2410,1323,721
-375,500,1215,2411,1324,721
-375,500,1215,2410,1323,721
-375,500,1215,2410,1323,721
-375,500,1215,2410,1323,721
-375,500,1215,2410,1323,720
-375,500,1215,2410,1323,721
-375,500,1215,2410,1323,721
-375,500,1215,2411,1323,721
-375,500,1215,2411,1323,721
-375,500,1215,2410,1324,721
-375,500,1215,2410,1323,721
-375,500,1215,2410,1323,721
-375,500,1215,2410,1324,721
-375,500,1215,2410,1323,721
-250,500,1132,2222,1448,778
-250,500,1132,2222,1448,778
-250,500,1131,2222,1448,779
-250,500,1132,2222,1448,779
-250,500,1132,2222,1448,779
-250,500,1132,2222,1448,778
-250,500,1132,2222,1448,779
-250,500,1132,2222,1448,779
-250,500,1131,2222,1448,779
-250,500,1132,2222,1448,779
-250,500,1132,2222,1448,778
-250,500,1131,2222,1448,778
-250,500,1131,2222,1448,779
-250,500,1132,2222,1448,779
-250,500,1132,2223,1448,778
-250,500,1132,2222,1448,779
-250,500,1132,2222,1448,779
-250,500,1132,2222,1448,778
-250,500,1131,2222,1448,779
-250,500,1132,2223,1448,778
-125,500,1048,2035,1563,832
-125,500,1047,2035,1563,832
-125,500,1047,2035,1564,832
-125,500,1047,2035,1563,831
-125,500,1048,2035,1563,832
-125,500,1047,2035,1563,832
-125,500,1048,2035,1564,832
-125,500,1047,2035,1564,832
-125,500,1047,2035,1563,832
-125,500,1048,2035,1563,832
-125,500,1047,2035,1564,832
-125,500,1048,2035,1564,832
-125,500,1047,2035,1563,832
-125,500,1048,2035,1564,832
-125,500,1047,2035,1564,832
-125,500,1047,2035,1563,832
-125,500,1047,2035,1563,832
-125,500,1048,2035,1563,832
-125,500,1048,2035,1563,832
-125,500,1047,2035,1563,832
0,500,963,1847,1666,879
0,500,962,1847,1667,879
0,500,962,1847,1667,879
0,500,962,1847,1667,879
0,500,962,1847,1667,879
0,500,963,1847,1667,879
0,500,962,1847,1667,879
0,500,962,1847,1666,879
0,500,963,1847,1667,879
0,500,962,1847,1667,879
0,500,962,1847,1666,879
0,500,962,1847,1666,879
0,500,962,1847,1667,879
0,500,963,1847,1666,879
0,500,963,1847,1666,879
0,500,962,1847,1666,879
0,500,962,1847,1666,879
0,500,962,1847,1666,880
0,500,962,1847,1666,879
0,500,962,1847,1666,879
125,500,877,1662,1758,920
125,500,877,1663,1757,920
125,500,877,1662,1757,920
125,500,877,1662,1757,920
125,500,877,1662,1757,920
125,500,877,1662,1757,920
125,500,877,1662,1757,920
125,500,877,1662,1757,920
125,500,877,1662,1757,920
125,500,877,1663,1757,920
125,500,877,1662,1757,920
125,500,877,1662,1757,920
125,500,877,1663,1757,920
125,500,877,1662,1757,920
125,500,877,1662,1757,920
125,500,877,1662,1757,920
125,500,877,1662,1757,921
125,500,877,1662,1757,920
125,500,877,1662,1756,920
125,500,877,1662,1757,920
250,500,792,1481,1834,954
250,500,792,1481,1834,955
250,500,792,1481,1834,955
250,500,792,1481,1834,954
250,500,792,1481,1834,955
250,500,792,1481,1834,955
250,500,792,1481,1834,955
250,500,792,1481,1834,955
250,500,792,1481,1834,955
250,500,792,1481,1834,955
250,500,792,1481,1834,955
250,500,792,1481,1834,955
250,500,792,1481,1834,955
250,500,792,1481,1834,955
250,500,792,1481,1834,955
250,500,792,1481,1834,955
250,500,792,1481,1834,955
250,500,792,1481,1834,955
250,500,792,1481,1834,955
250,500,792,1481,1834,955
375,500,710,1307,1903,985
375,500,710,1306,1902,985
375,500,709,1306,1902,985
375,500,710,1307,1902,985
375,500,710,1307,1903,986
375,500,710,1307,1902,985
375,500,710,1307,1902,986
375,500,709,1307,1903,985
375,500,710,1307,1902,985
375,500,710,1307,1903,985
375,500,710,1307,1902,985
375,500,710,1307,1903,985
375,500,710,1306,1902,986
375,500,710,1306,1903,985
375,500,710,1307,1903,985
375,500,710,1306,1902,986
375,500,710,1307,1903,985
375,500,709,1307,1903,985
375,500,710,1307,1903,985
375,500,710,1307,1903,985
500,500,630,1140,1962,1011
500,500,630,1140,1962,1011
500,500,630,1140,1962,1011
500,500,630,1140,1962,1011
500,500,630,1141,1962,1011
500,500,630,1140,1962,1012
500,500,630,1140,1962,1011
500,500,630,1140,1962,1011
500,500,630,1141,1961,1011
500,500,630,1140,1962,1012
500,500,630,1140,1962,1011
500,500,630,1140,1962,1011
500,500,630,1140,1962,1011
500,500,630,1141,1962,1011
500,500,630,1140,1962,1012
500,500,629,1141,1962,1012
500,500,630,1140,1962,1011
500,500,630,1140,1962,1011
500,500,630,1140,1962,1011
500,500,630,1141,1961,1011
625,500,555,985,2017,1035
625,500,554,985,2016,1035
625,500,555,985,2016,1035
625,500,555,985,2016,1035
625,500,555,985,2016,1035
625,500,555,985,2017,1035
625,500,555,985,2017,1036
625,500,555,985,2016,1035
625,500,555,984,2016,1035
625,500,555,985,2016,1035
625,500,555,985,2016,1035
625,500,555,985,2017,1035
625,500,555,985,2016,1035
625,500,555,984,2016,1036
625,500,555,985,2016,1035
625,500,555,984,2016,1035
625,500,555,985,2016,1035
625,500,555,985,2016,1035
625,500,555,985,2016,1035
625,500,555,985,2016,1036
-625,625,1201,2930,1106,539
-625,625,1201,2930,1106,539
-625,625,1201,2930,1106,539
-625,625,1201,2930,1106,539
-625,625,1200,2929,1106,539
-625,625,1201,2930,1106,539
-625,625,1200,2930,1106,539
-625,625,1200,2930,1106,539
-625,625,1201,2930,1106,539
-625,625,1201,2930,1106,539
-625,625,1201,2930,1106,539
-625,625,1201,2931,1106,538
-625,625,1200,2930,1106,538
-625,625,1201,2930,1106,539
-625,625,1200,2930,1106,539
-625,625,1200,2930,1106,539
-625,625,1200,2930,1106,539
-625,625,1200,2930,1106,538
-625,625,1201,2930,1106,539
-625,625,1201,2930,1106,539
-500,625,1130,2724,1249,591
-500,625,1130,2724,1249,592
-500,625,1129,2724,1249,591
-500,625,1129,2724,1249,592
-500,625,1129,2724,1248,591
-500,625,1129,2724,1248,592
-500,625,1129,2724,1248,591
-500,625,1130,2724,1249,591
-500,625,1130,2724,1249,591
-500,625,1129,2724,1248,591
-500,625,1130,2724,1248,591
-500,625,1129,2724,1248,592
-500,625,1129,2724,1249,591
-500,625,1129,2724,1249,591
-500,625,1129,2724,1248,592
-500,625,1129,2724,1249,592
-500,625,1130,2724,1249,591
-500,625,1129,2724,1248,591
-500,625,1129,2724,1248,591
-500,625,1130,2724,1248,591
-375,625,1059,2523,1386,643
-375,625,1059,2523,1386,642
-375,625,1059,2523,1386,643
-375,625,1059,2523,1386,643
-375,625,1059,2523,1386,642
-375,625,1059,2523,1386,643
-375,625,1059,2523,1386,642
-375,625,1059,2523,1385,642
-375,625,1059,2523,1386,643
-375,625,1059,2523,1386,642
-375,625,1059,2523,1385,642
-375,625,1059,2523,1385,643
-375,625,1059,2523,1386,642
-375,625,1059,2523,1386,643
-375,625,1059,2523,1386,642
-375,625,1059,2523,1385,642
-375,625,1059,2523,1385,643
-375,625,1059,2523,1386,642
-375,625,1059,2523,1385,642
-375,625,1059,2522,1385,642
-250,625,990,2327,1518,691
-250,625,990,2327,1518,692
-250,625,990,2327,1518,692
-250,625,990,2327,1518,691
-250,625,990,2327,1518,692
-250,625,990,2327,1518,692
-250,625,990,2327,1518,691
-250,625,990,2327,1518,692
-250,625,990,2327,1518,692
-250,625,990,2327,1518,692
-250,625,990,2327,1518,692
-250,625,990,2327,1518,691
-250,625,990,2327,1518,692
-250,625,990,2327,1519,692
-250,625,990,2327,1518,691
-250,625,990,2327,1518,691
-250,625,990,2327,1518,691
-250,625,990,2327,1518,691
-250,625,990,2327,1518,691
-250,625,990,2327,1518,691
-125,625,919,2131,1641,736
-125,625,919,2132,1641,736
-125,625,919,2132,1641,736
-125,625,919,2132,1641,736
-125,625,919,2131,1641,736
-125,625,919,2132,1641,736
-125,625,919,2132,1641,736
-125,625,919,2132,1641,737
-125,625,919,2132,1641,736
-125,625,919,2132,1641,736
-125,625,919,2132,1641,735
-125,625,919,2131,1641,736
-125,625,919,2131,1641,736
-125,625,918,2131,1641,736
-125,625,919,2131,1641,736
-125,625,919,2131,1641,736
-125,625,919,2131,1641,736
-125,625,919,2131,1641,736
-125,625,919,2131,1641,736
-125,625,919,2132,1641,736
0,625,846,1935,1750,776
0,625,846,1935,1750,776
0,625,846,1935,1750,776
0,625,846,1935,1750,775
0,625,846,1935,1750,776
0,625,846,1935,1750,776
0,625,846,1935,1750,775
0,625,846,1935,1750,776
0,625,846,1935,1750,776
0,625,846,1935,1750,775
0,625,846,1935,1750,776
0,625,846,1935,1750,775
0,625,846,1935,1750,776
0,625,846,1935,1750,775
0,625,846,1935,1750,775
0,625,845,1935,1750,775
0,625,846,1935,1750,775
0,625,846,1935,1750,775
0,625,846,1934,1750,775
0,625,846,1935,1750,775
125,625,772,1739,1845,810
125,625,772,1739,1845,809
125,625,772,1739,1845,810
125,625,772,1739,1845,809
125,625,772,1739,1845,809
125,625,772,1739,1845,809
125,625,772,1739,1845,809
125,625,772,1739,1845,809
125,625,771,1739,1845,810
125,625,772,1739,1845,809
125,625,772,1739,1845,810
125,625,772,1739,1845,810
125,625,772,1739,1845,810
125,625,772,1739,1845,810
125,625,772,1740,1846,809
125,625,772,1739,1844,810
125,625,772,1740,1845,810
125,625,772,1739,1845,809
125,625,772,1739,1845,810
125,625,772,1739,1846,810
250,625,698,1546,1925,838
250,625,699,1546,1925,838
250,625,698,1546,1925,838
250,625,698,1546,1925,838
250,625,698,1546,1925,838
250,625,699,1546,1925,838
250,625,698,1546,1925,838
250,625,698,1546,1925,838
250,625,699,1546,1925,838
250,625,699,1546,1925,838
250,625,699,1546,1925,838
250,625,698,1546,1925,838
250,625,699,1546,1925,838
250,625,699,1546,1925,838
250,625,698,1546,1925,838
250,625,699,1546,1925,838
250,625,699,1546,1925,838
250,625,698,1547,1925,839
250,625,698,1546,1925,838
250,625,699,1547,1925,838
375,625,626,1361,1994,862
375,625,626,1361,1994,862
375,625,626,1361,1994,862
375,625,627,1361,1994,861
375,625,626,1361,1994,862
375,625,626,1361,1994,861
375,625,626,1361,1994,861
375,625,626,1361,1994,862
375,625,626,1361,1994,861
375,625,626,1361,1994,862
375,625,626,1361,1994,861
375,625,626,1361,1994,861
375,625,626,1361,1993,862
375,625,626,1361,1994,861
375,625,626,1361,1994,861
375,625,626,1361,1994,862
375,625,626,1360,1994,861
375,625,626,1360,1994,861
375,625,626,1361,1994,861
375,625,626,1360,1994,862
500,625,556,1182,2051,880
500,625,556,1182,2051,879
500,625,556,1182,2051,880
500,625,556,1182,2051,880
500,625,556,1182,2050,880
500,625,556,1182,2051,879
500,625,556,1182,2051,880
500,625,556,1182,2051,879
500,625,556,1182,2050,880
500,625,555,1182,2051,880
500,625,555,1182,2051,880
500,625,556,1183,2051,879
500,625,556,1182,2050,879
500,625,556,1182,2050,879
500,625,556,1183,2051,879
500,625,556,1182,2051,879
500,625,556,1182,2050,879
500,625,556,1183,2051,879
500,625,556,1183,2051,879
500,625,556,1182,2051,880
625,625,487,1011,2091,892
625,625,487,1011,2091,892
625,625,487,1011,2091,892
625,625,487,1011,2091,892
625,625,487,1011,2091,892
625,625,487,1012,2091,892
625,625,487,1012,2092,892
625,625,487,1011,2091,892
625,625,487,1012,2091,892
625,625,487,1011,2092,892
625,625,487,1012,2092,892
625,625,488,1011,2092,892
625,625,487,1012,2092,892
625,625,487,1011,2092,892
625,625,488,1012,2092,892
625,625,488,1012,2092,892
625,625,488,1011,2092,892
625,625,488,1012,2092,892
625,625,487,1012,2092,892
625,625,487,1011,2092,892
