<?xml version="1.0" encoding="UTF-8"?>
<project-private xmlns="http://www.netbeans.org/ns/project-private/1">
    <editor-bookmarks xmlns="http://www.netbeans.org/ns/editor-bookmarks/2" lastBookmarkId="0"/>
    <open-files xmlns="http://www.netbeans.org/ns/projectui-open-files/2">
        <group>
            <file>file:/C:/Users/Hattori/Documents/prog/mplab_projects/PIC/IPSD2.X/main_CDC_I2C.c</file>
            <file>file:/C:/Users/Hattori/Documents/prog/mplab_projects/PIC/IPSD2.X/nbproject/Makefile-default.mk</file>
            <file>file:/C:/Users/Hattori/Documents/prog/mplab_projects/PIC/IPSD2.X/HardwareProfile.h</file>
            <file>file:/C:/Users/Hattori/Documents/prog/mplab_projects/PIC/IPSD2.X/usb_descriptors.c</file>
            <file>file:/C:/Users/Hattori/Documents/Microchip/USB/usb_device.c</file>
            <file>file:/C:/Users/Hattori/Documents/prog/mplab_projects/PIC/IPSD2.X/usb_config.h</file>
        </group>
    </open-files>
</project-private>
